[{"Id":103603,"NickName":"1000kgthanh"},{"Id":103760,"NickName":"999999999ok"},{"Id":103829,"NickName":"ac7ive"},{"Id":1,"NickName":"admin"},{"Id":103839,"NickName":"ahkk.nguyen"},{"Id":103981,"NickName":"akyshin"},{"Id":103863,"NickName":"alex.tran.7792"},{"Id":103694,"NickName":"ali33va40tencuop"},{"Id":103547,"NickName":"alice.mi.39"},{"Id":103523,"NickName":"all4u4me"},{"Id":103758,"NickName":"amakaru.xtu"},{"Id":103411,"NickName":"an.lee.908"},{"Id":103343,"NickName":"andrea.pirlocci"},{"Id":103545,"NickName":"angelathanhthuy.tran"},{"Id":103645,"NickName":"anh.linh.9"},{"Id":103560,"NickName":"anh.luongbao"},{"Id":103327,"NickName":"anh.pham.3152130"},{"Id":103602,"NickName":"anhchau2206"},{"Id":103432,"NickName":"anhdungsg87"},{"Id":103502,"NickName":"anhnguyet.duong.12"},{"Id":103401,"NickName":"anhptk"},{"Id":103708,"NickName":"anhtuan.ngole"},{"Id":103864,"NickName":"anhtunguyen841982"},{"Id":103858,"NickName":"ann.le.714"},{"Id":103639,"NickName":"anna.do.71"},{"Id":103890,"NickName":"anne.gloton"},{"Id":103704,"NickName":"answerer"},{"Id":103480,"NickName":"AnTiO1992"},{"Id":103559,"NickName":"anuranjan.jha.9"},{"Id":103769,"NickName":"ardy.atma.1"},{"Id":3,"NickName":"arthur_holmes"},{"Id":103713,"NickName":"babyghost89"},{"Id":103656,"NickName":"bachyen.dinh.5"},{"Id":103680,"NickName":"bao.ha.777"},{"Id":103843,"NickName":"baoanh.dang.56"},{"Id":103607,"NickName":"baoanh.truong.5"},{"Id":14227,"NickName":"baoln17411"},{"Id":103506,"NickName":"baotrungbmt"},{"Id":103306,"NickName":"beeboo.crazy"},{"Id":103310,"NickName":"belimoon"},{"Id":103821,"NickName":"bi.phi.92"},{"Id":103851,"NickName":"bibo.bibi.378"},{"Id":103866,"NickName":"bich.tram.3557"},{"Id":103482,"NickName":"bichhopnguyen"},{"Id":103593,"NickName":"binh.nguyen.96742"},{"Id":14983,"NickName":"boconganh2889"},{"Id":103378,"NickName":"bon.za.18"},{"Id":103409,"NickName":"booboo.pham"},{"Id":5,"NickName":"brenda_lindgren"},{"Id":103696,"NickName":"bryan846"},{"Id":103665,"NickName":"bui.t.hung.1"},{"Id":103441,"NickName":"buihuudao"},{"Id":103982,"NickName":"canary.ha"},{"Id":103705,"NickName":"cao.t.vi.1"},{"Id":103703,"NickName":"caphe.sua.50"},{"Id":103685,"NickName":"Capricorn.funy"},{"Id":103728,"NickName":"cathynguyethang"},{"Id":103468,"NickName":"chaunt.1988"},{"Id":103774,"NickName":"chausoco"},{"Id":103309,"NickName":"CheTrung"},{"Id":103599,"NickName":"chilli.addict"},{"Id":103692,"NickName":"chung.bui.5492"},{"Id":103975,"NickName":"chung.nguyen.1291"},{"Id":103326,"NickName":"chuotk0i"},{"Id":103390,"NickName":"cici.luong.33"},{"Id":103707,"NickName":"cong.t.sach"},{"Id":103777,"NickName":"contes2"},{"Id":103460,"NickName":"contomluoc"},{"Id":103377,"NickName":"cskt.coop"},{"Id":103804,"NickName":"cubidu88"},{"Id":103755,"NickName":"cuibaphehe"},{"Id":103594,"NickName":"Cuong.Acc"},{"Id":103659,"NickName":"dailoc.nguyen.758"},{"Id":103372,"NickName":"damphuhanh"},{"Id":103434,"NickName":"damphuhung"},{"Id":103958,"NickName":"damquangthien"},{"Id":103693,"NickName":"dang.d.khang"},{"Id":103410,"NickName":"dang.pvh"},{"Id":103383,"NickName":"dang.thang.31"},{"Id":103867,"NickName":"dangsontn"},{"Id":103678,"NickName":"daomandat"},{"Id":103456,"NickName":"dathangngay"},{"Id":103388,"NickName":"day4mine"},{"Id":103734,"NickName":"DeeJay.BinhChelsea"},{"Id":103968,"NickName":"diane.truong.9"},{"Id":103520,"NickName":"dicoloves"},{"Id":103423,"NickName":"diemphucphan"},{"Id":103581,"NickName":"dieu.ngoc.39"},{"Id":103317,"NickName":"dieulinhkt"},{"Id":103542,"NickName":"dieuthu0205"},{"Id":103870,"NickName":"dinh.ngo.7505"},{"Id":103776,"NickName":"dinh.thi.thuy2908"},{"Id":103424,"NickName":"dinhquanbm"},{"Id":103882,"NickName":"dnbang"},{"Id":103367,"NickName":"doan.khoi"},{"Id":103695,"NickName":"doanhcay"},{"Id":103748,"NickName":"doanthiphuong.babycovo"},{"Id":103486,"NickName":"dominictran201"},{"Id":103318,"NickName":"dothanhchung"},{"Id":103644,"NickName":"doy29"},{"Id":103879,"NickName":"dq.ninh"},{"Id":14902,"NickName":"duclm17411"},{"Id":103323,"NickName":"ducorphanvoice"},{"Id":103801,"NickName":"dung.dinh.33"},{"Id":103737,"NickName":"dung.hoang.5855"},{"Id":103419,"NickName":"dung.pham.773"},{"Id":103792,"NickName":"dungtran252"},{"Id":103988,"NickName":"duong.n.thi"},{"Id":103512,"NickName":"duong.t.tram"},{"Id":103830,"NickName":"duongbi.bi.31"},{"Id":13885,"NickName":"duongnt17411"},{"Id":103344,"NickName":"duongtieude"},{"Id":103876,"NickName":"Duongtruclinh"},{"Id":103909,"NickName":"duy.huynh.777"},{"Id":103360,"NickName":"duy.pham.526875"},{"Id":103473,"NickName":"duycuong.truong"},{"Id":103501,"NickName":"duyen.le.180"},{"Id":103901,"NickName":"dvhoa.frontflip"},{"Id":103744,"NickName":"edisontoan.nguyen"},{"Id":103552,"NickName":"ellen.bbie"},{"Id":103430,"NickName":"felicitasishere"},{"Id":103869,"NickName":"giang.tran136"},{"Id":103398,"NickName":"gianghotrinhnu"},{"Id":14791,"NickName":"giangnt17411"},{"Id":103844,"NickName":"giayxuatkhau1985"},{"Id":103549,"NickName":"GohVN"},{"Id":103714,"NickName":"grace.duy.7"},{"Id":103536,"NickName":"greenplain.thaonguyen"},{"Id":103334,"NickName":"ha.b.anh.54"},{"Id":103420,"NickName":"ha.doan.9615"},{"Id":103954,"NickName":"ha.n.hien.75"},{"Id":103339,"NickName":"ha.tien.106"},{"Id":103361,"NickName":"hagon9999"},{"Id":103503,"NickName":"hahaha_aoba3a"},{"Id":103555,"NickName":"hai.duy.1420"},{"Id":103771,"NickName":"haingoc.tranthai"},{"Id":15042,"NickName":"hanbn17411"},{"Id":103342,"NickName":"hang.t.nguyen.54"},{"Id":14486,"NickName":"hangdoan08081999"},{"Id":103574,"NickName":"hangocduong"},{"Id":103796,"NickName":"hannguyen.phunhuan"},{"Id":103385,"NickName":"haphuong.0104"},{"Id":103548,"NickName":"Harukusa"},{"Id":23086,"NickName":"hateej2601"},{"Id":103516,"NickName":"hatim0803"},{"Id":103690,"NickName":"heaven.lai.7"},{"Id":103592,"NickName":"heo.con.129142"},{"Id":103354,"NickName":"heo.honghong"},{"Id":103303,"NickName":"heo"},{"Id":103800,"NickName":"heocon.dangyeu.14"},{"Id":103397,"NickName":"heorungdangyeu"},{"Id":103809,"NickName":"hhoahi"},{"Id":103747,"NickName":"hideyuki.takiyama"},{"Id":103790,"NickName":"hien.nguyen.52"},{"Id":103538,"NickName":"hien.nguyentrong84"},{"Id":103730,"NickName":"HienLens"},{"Id":103831,"NickName":"hip01"},{"Id":103459,"NickName":"ho.hoangphuc.5"},{"Id":103684,"NickName":"ho.n.dung.5"},{"Id":103466,"NickName":"ho.thuy.7"},{"Id":103572,"NickName":"hoa.thanh.5454"},{"Id":103990,"NickName":"hoang.cam.75"},{"Id":103638,"NickName":"hoang.hoangvuonghoang"},{"Id":103406,"NickName":"hoang.hue"},{"Id":103649,"NickName":"hoang.minh1810"},{"Id":103570,"NickName":"hoang.phuong.52643"},{"Id":103597,"NickName":"hoangkemly"},{"Id":103613,"NickName":"hoanglandon"},{"Id":103676,"NickName":"hoangleo1989"},{"Id":103891,"NickName":"hoanglinhtu"},{"Id":103793,"NickName":"hoangmy.my.75"},{"Id":103725,"NickName":"hoangPG"},{"Id":103371,"NickName":"hoangthien.lethanh"},{"Id":103500,"NickName":"hoangtien2642"},{"Id":103365,"NickName":"hoangtienthanh"},{"Id":103375,"NickName":"hoangxuanbach"},{"Id":103681,"NickName":"HoangXuanHai"},{"Id":103391,"NickName":"hoaquachsd"},{"Id":103900,"NickName":"hoatuanhtgp"},{"Id":103331,"NickName":"hodinhhieu"},{"Id":103989,"NickName":"hoi.cham.174"},{"Id":103972,"NickName":"hong.dang.9235"},{"Id":103827,"NickName":"hong.pham.1401"},{"Id":103578,"NickName":"hongha.lee"},{"Id":103418,"NickName":"honghanh.nguyen.395"},{"Id":103328,"NickName":"hongtrinh2006"},{"Id":103488,"NickName":"ht2008"},{"Id":103587,"NickName":"htkn8490"},{"Id":103350,"NickName":"huanoppa89"},{"Id":103433,"NickName":"hue.hoang.14661"},{"Id":13892,"NickName":"huelt17411"},{"Id":103407,"NickName":"huethanhcao"},{"Id":103417,"NickName":"hung.pham89"},{"Id":103991,"NickName":"hung.tran.942"},{"Id":22881,"NickName":"hungnq17411"},{"Id":103826,"NickName":"huong.9189"},{"Id":103798,"NickName":"huong.dam.50"},{"Id":103846,"NickName":"huong.truongmy"},{"Id":103727,"NickName":"huong.zheng"},{"Id":103675,"NickName":"huonghue.che"},{"Id":22487,"NickName":"huongnld17411"},{"Id":103993,"NickName":"huongxuanlethi"},{"Id":103997,"NickName":"hurt.thurty"},{"Id":103679,"NickName":"huu.loc156"},{"Id":103775,"NickName":"huubac"},{"Id":103978,"NickName":"huutdh"},{"Id":103617,"NickName":"huy.hoang.330"},{"Id":103739,"NickName":"huy.nguyen.9465"},{"Id":103494,"NickName":"huyen.tranga"},{"Id":103364,"NickName":"huynh.t.phong.3"},{"Id":103872,"NickName":"huynh.thuy.9849"},{"Id":103443,"NickName":"huynhthao.trang.1"},{"Id":103828,"NickName":"iamika.290"},{"Id":103787,"NickName":"ide.lena1"},{"Id":103436,"NickName":"iloveyourself"},{"Id":103351,"NickName":"incognito.vhh"},{"Id":103973,"NickName":"itlegendseven"},{"Id":103824,"NickName":"itssmizirishA"},{"Id":103387,"NickName":"ivyngoc.van"},{"Id":103453,"NickName":"iwan.ongko"},{"Id":103778,"NickName":"jack.letuan"},{"Id":103710,"NickName":"jackey.phuong"},{"Id":4,"NickName":"james_pan"},{"Id":103853,"NickName":"jane.truong.9"},{"Id":103815,"NickName":"jason.do.7"},{"Id":103573,"NickName":"jenny.nguyentran.5"},{"Id":103481,"NickName":"jini.huynh.9"},{"Id":103646,"NickName":"jo.steepan"},{"Id":103841,"NickName":"Joker.l33"},{"Id":103439,"NickName":"July.s20th"},{"Id":103491,"NickName":"JunCantyLee"},{"Id":103673,"NickName":"kate.nguyen.522"},{"Id":103662,"NickName":"kawakatsujunji"},{"Id":103329,"NickName":"keianth3222"},{"Id":103847,"NickName":"kem.baymau"},{"Id":103983,"NickName":"khanh.long.79"},{"Id":103435,"NickName":"khanhviospa"},{"Id":103691,"NickName":"khanv.it"},{"Id":103789,"NickName":"khen.tranthi"},{"Id":103878,"NickName":"khoa.khoapercy"},{"Id":103311,"NickName":"khue.chuot"},{"Id":103345,"NickName":"kien.le.7545"},{"Id":103865,"NickName":"kieuchinh.nguyen.52"},{"Id":103363,"NickName":"kieuminhhoang"},{"Id":103797,"NickName":"kieuvietvuong"},{"Id":103899,"NickName":"kimcuong.vo.16"},{"Id":103837,"NickName":"kimngon.pham"},{"Id":103699,"NickName":"kimquyt"},{"Id":103541,"NickName":"kitty.ngo.5"},{"Id":103379,"NickName":"Kojumi"},{"Id":103444,"NickName":"Kukumalu.Thu"},{"Id":103369,"NickName":"kyduyen.pham"},{"Id":103609,"NickName":"kythuboi"},{"Id":103618,"NickName":"lanna.nguyen.77"},{"Id":103621,"NickName":"lcfs.hanoi"},{"Id":103467,"NickName":"ldchinh"},{"Id":103504,"NickName":"ldt116"},{"Id":103994,"NickName":"le.d.hung.986"},{"Id":103341,"NickName":"le.h.thuong.90"},{"Id":103731,"NickName":"le.minhtriet.37"},{"Id":103628,"NickName":"le.n.quang.9"},{"Id":103738,"NickName":"le.p.bao"},{"Id":103357,"NickName":"le.p.hien"},{"Id":103840,"NickName":"le.quang.754"},{"Id":103399,"NickName":"le.sam.351"},{"Id":103402,"NickName":"Lee.Chong.Chong89"},{"Id":103534,"NickName":"lekimngavlg"},{"Id":103996,"NickName":"lenam.uit"},{"Id":103532,"NickName":"lengocchau32"},{"Id":103537,"NickName":"lesonarch"},{"Id":103368,"NickName":"lethaiphuc.quang"},{"Id":103450,"NickName":"letranglotus"},{"Id":103889,"NickName":"liem.toshi"},{"Id":103413,"NickName":"liemhummer"},{"Id":103985,"NickName":"lien.tran.97"},{"Id":103663,"NickName":"lieu.vo.7"},{"Id":103605,"NickName":"linh.luong.2912"},{"Id":103720,"NickName":"linhanhgpstech"},{"Id":103873,"NickName":"linhbanker.sg"},{"Id":103650,"NickName":"lion.mi.31"},{"Id":103576,"NickName":"locddspkt"},{"Id":103495,"NickName":"locndv"},{"Id":103892,"NickName":"long.l.thanh"},{"Id":103766,"NickName":"ltkhoi"},{"Id":103337,"NickName":"ltr.hoainhi"},{"Id":103780,"NickName":"luong.hathanh"},{"Id":103478,"NickName":"luong.t.nhi"},{"Id":103431,"NickName":"luong.vannghia"},{"Id":103700,"NickName":"luongmanhhai"},{"Id":103854,"NickName":"luu.hang.my"},{"Id":103881,"NickName":"luungocmaikhanh"},{"Id":103590,"NickName":"lv.honguyen"},{"Id":103655,"NickName":"ly.einsten"},{"Id":103836,"NickName":"ly.hoangtrung"},{"Id":103565,"NickName":"ly.kieu.5"},{"Id":103709,"NickName":"lychankiet85"},{"Id":103591,"NickName":"m0nmummim"},{"Id":103392,"NickName":"ma.phungphinh.1"},{"Id":103911,"NickName":"macquanthungdit"},{"Id":103807,"NickName":"mai.kimquy"},{"Id":103683,"NickName":"maihuong1910"},{"Id":103463,"NickName":"maika.nguyen.79"},{"Id":103855,"NickName":"maitrang2088"},{"Id":103347,"NickName":"man.king.98"},{"Id":103464,"NickName":"mandyminhtu"},{"Id":103366,"NickName":"manh.nguyen.5492216"},{"Id":103449,"NickName":"mariaozawaaaa"},{"Id":103348,"NickName":"marko.kukor"},{"Id":103915,"NickName":"MeatBunBun"},{"Id":103462,"NickName":"MeBeoBo"},{"Id":103540,"NickName":"meo.muop.br"},{"Id":103811,"NickName":"michiyasu"},{"Id":103782,"NickName":"minh.duongbinh"},{"Id":103315,"NickName":"minh.huynh.524"},{"Id":103913,"NickName":"minh.nguyenthianh.7"},{"Id":103907,"NickName":"minh.nguyentho"},{"Id":103666,"NickName":"minh.phuong.9809672"},{"Id":103962,"NickName":"minh.tan.7161"},{"Id":103914,"NickName":"minh.vo.509"},{"Id":103670,"NickName":"minhhieuitf"},{"Id":103421,"NickName":"minhthanh.dao.1"},{"Id":103750,"NickName":"mizuumi.namihiko"},{"Id":103362,"NickName":"mohammed.talhasadat"},{"Id":103845,"NickName":"mongyenhotel"},{"Id":103979,"NickName":"Mr.Gooogle"},{"Id":103400,"NickName":"mr.nttung"},{"Id":103803,"NickName":"my.heu"},{"Id":103539,"NickName":"mylinh.do.92"},{"Id":103677,"NickName":"myngoc0306"},{"Id":103586,"NickName":"nam.doanhai"},{"Id":103625,"NickName":"nam.duonghong.50"},{"Id":103672,"NickName":"nam.kimcham.1"},{"Id":103834,"NickName":"nam.tran.710667"},{"Id":103814,"NickName":"nambongson"},{"Id":103733,"NickName":"nancy.nguyen.7"},{"Id":103717,"NickName":"nangamxadan1802"},{"Id":103513,"NickName":"ncccuong"},{"Id":103977,"NickName":"Neohpan"},{"Id":103697,"NickName":"NeverDIEAlone"},{"Id":103812,"NickName":"newhtg"},{"Id":103633,"NickName":"nga.mai2"},{"Id":103497,"NickName":"nganchim25"},{"Id":103355,"NickName":"ngaythuhai"},{"Id":103770,"NickName":"nghiahavn"},{"Id":13878,"NickName":"nghiatd17411"},{"Id":103987,"NickName":"ngmtri84"},{"Id":103514,"NickName":"ngo.t.hung.3"},{"Id":103340,"NickName":"ngo.thy.1"},{"Id":103722,"NickName":"ngoc.lien.180"},{"Id":103857,"NickName":"ngocbaod2"},{"Id":103429,"NickName":"ngocbichvnd"},{"Id":103630,"NickName":"ngocha.nguyen.338"},{"Id":103452,"NickName":"ngochabk05"},{"Id":103669,"NickName":"ngockien.tran.3"},{"Id":15534,"NickName":"ngocntd17411"},{"Id":103671,"NickName":"ngoctan2401"},{"Id":103992,"NickName":"ngocyds"},{"Id":103604,"NickName":"ngodoanloc89"},{"Id":103652,"NickName":"NgoNgocTuyen"},{"Id":103880,"NickName":"ngothach81"},{"Id":103624,"NickName":"ngothanhtrunghcm.nokia"},{"Id":103446,"NickName":"ngquocbinh"},{"Id":103660,"NickName":"nguyen.anh.1217"},{"Id":103490,"NickName":"nguyen.c.nhan.1"},{"Id":103389,"NickName":"nguyen.hiep.507"},{"Id":103442,"NickName":"nguyen.khuong.18"},{"Id":103856,"NickName":"nguyen.kool"},{"Id":103335,"NickName":"nguyen.linh.10"},{"Id":103454,"NickName":"nguyen.linh.9041"},{"Id":103479,"NickName":"nguyen.m.phuong.9022"},{"Id":103658,"NickName":"nguyen.nhu.355"},{"Id":103394,"NickName":"nguyen.quocbinh.14"},{"Id":103428,"NickName":"nguyen.t.hoa.5030"},{"Id":103498,"NickName":"nguyen.t.mi.96"},{"Id":103584,"NickName":"nguyen.tam.779642"},{"Id":103970,"NickName":"nguyen.tommy.16"},{"Id":103589,"NickName":"nguyen.v.em"},{"Id":103974,"NickName":"nguyen.v.minhtri"},{"Id":103773,"NickName":"nguyen.yenthu.9"},{"Id":103600,"NickName":"nguyenbichthao136"},{"Id":103818,"NickName":"nguyenbinhit"},{"Id":103668,"NickName":"nguyendinhdacy"},{"Id":103667,"NickName":"nguyendo.hongphuoc"},{"Id":103606,"NickName":"nguyenhoathuan"},{"Id":103510,"NickName":"nguyenlong294"},{"Id":103634,"NickName":"nguyenminhhuy01121987"},{"Id":103384,"NickName":"nguyenminhnhat"},{"Id":103820,"NickName":"nguyennhat.truong.1"},{"Id":103749,"NickName":"nguyenphucquychau"},{"Id":103875,"NickName":"nguyenthitungvan"},{"Id":103564,"NickName":"nguyentrinhbt"},{"Id":103715,"NickName":"nguyenvancuong87"},{"Id":103687,"NickName":"NguyenVuNhatChuong"},{"Id":103528,"NickName":"nguyenvuphuongkhanh"},{"Id":103616,"NickName":"nguyet.phung.10"},{"Id":103743,"NickName":"nguyetanh.nguyenthi"},{"Id":103781,"NickName":"nguyetleit"},{"Id":103768,"NickName":"nguyettram"},{"Id":103896,"NickName":"nhat.phuong.31"},{"Id":103637,"NickName":"nhi.sena"},{"Id":103508,"NickName":"nhiennta"},{"Id":103886,"NickName":"nhonx"},{"Id":103422,"NickName":"nhphau"},{"Id":103475,"NickName":"nhu.kio"},{"Id":103325,"NickName":"nhu.nhungnhang"},{"Id":103425,"NickName":"nhung.vu.58760"},{"Id":103802,"NickName":"nhungphuong"},{"Id":103403,"NickName":"Nic0912xautinh"},{"Id":103756,"NickName":"nicmclee"},{"Id":103451,"NickName":"nmhai84"},{"Id":103527,"NickName":"nt.ngoc.12"},{"Id":103353,"NickName":"ntcuong"},{"Id":103825,"NickName":"ntmthu1982"},{"Id":103499,"NickName":"nu.my.148"},{"Id":103753,"NickName":"oanh.pham.1422"},{"Id":103956,"NickName":"oanhmarketingpr"},{"Id":103657,"NickName":"obeans"},{"Id":103702,"NickName":"ocgaoj"},{"Id":103553,"NickName":"ome.ly.3"},{"Id":103963,"NickName":"p3Di3m"},{"Id":103689,"NickName":"PeterPhamQuoc"},{"Id":103396,"NickName":"pham.nguyen.152"},{"Id":103647,"NickName":"pham.t.ngan.9"},{"Id":103788,"NickName":"phamdinhminh"},{"Id":103386,"NickName":"phamdinhtoai"},{"Id":103395,"NickName":"phan.cong.7"},{"Id":103483,"NickName":"phan.nhu"},{"Id":103716,"NickName":"phan.t.nhan.16"},{"Id":103742,"NickName":"phancongcanh"},{"Id":14106,"NickName":"phatlt17411"},{"Id":103438,"NickName":"phatnh"},{"Id":103852,"NickName":"phatt.dang.3"},{"Id":13874,"NickName":"pheptb17411"},{"Id":103813,"NickName":"phsontung"},{"Id":103505,"NickName":"phuc.tran.180"},{"Id":103324,"NickName":"phuc.trinh.313"},{"Id":103568,"NickName":"phuduc.vo"},{"Id":103726,"NickName":"phuoc.buithimy"},{"Id":103823,"NickName":"phuoc.vinh.7"},{"Id":103352,"NickName":"phuong.daongoc"},{"Id":103955,"NickName":"phuong.fany.1"},{"Id":103582,"NickName":"phuong.lan.104"},{"Id":103636,"NickName":"phuong.vy.35"},{"Id":103620,"NickName":"phuongdiamond"},{"Id":103842,"NickName":"phuonglan.lethi.16"},{"Id":103521,"NickName":"PhuongTrangit"},{"Id":13887,"NickName":"phuongvtl17411"},{"Id":103575,"NickName":"pinhpinh.conuong"},{"Id":103893,"NickName":"polimibk"},{"Id":103519,"NickName":"pretty.phan"},{"Id":103894,"NickName":"ptkiuee"},{"Id":103887,"NickName":"quang.dinh.10236"},{"Id":103595,"NickName":"quang.nguyen.7161"},{"Id":103415,"NickName":"quang.phuc.5"},{"Id":103477,"NickName":"quang.vinh.549668"},{"Id":103984,"NickName":"quangvinh.chau.3"},{"Id":103833,"NickName":"quanvo.vn"},{"Id":103751,"NickName":"quocquan.le.1"},{"Id":103566,"NickName":"quocviet1611"},{"Id":103642,"NickName":"quyen.le.50364"},{"Id":103336,"NickName":"quynh.dung.77"},{"Id":103682,"NickName":"quynhnga.pham.378"},{"Id":103895,"NickName":"quynhngoc.nguyen.9"},{"Id":103905,"NickName":"quynhnhuht"},{"Id":103580,"NickName":"RaymondMrDinh"},{"Id":103810,"NickName":"rich.seven.1"},{"Id":103476,"NickName":"ruud0407"},{"Id":103405,"NickName":"sa.dethuong"},{"Id":103765,"NickName":"sami.nguyen.89"},{"Id":103585,"NickName":"sang.nguyen.12764"},{"Id":103370,"NickName":"sang.nguyenminh.311"},{"Id":103848,"NickName":"sang.truongcong.1"},{"Id":103724,"NickName":"sangcnt"},{"Id":103883,"NickName":"santhanh612"},{"Id":103487,"NickName":"satthuqn"},{"Id":103404,"NickName":"seagull271"},{"Id":103629,"NickName":"selena.pham.90"},{"Id":103316,"NickName":"Singer.VanMaiHuong"},{"Id":103965,"NickName":"snake158"},{"Id":103784,"NickName":"snowflake.nancy"},{"Id":103346,"NickName":"soi.ngoan85"},{"Id":103556,"NickName":"solarprince1106"},{"Id":103308,"NickName":"son.nguyenvutruong"},{"Id":103313,"NickName":"son.tran.528316"},{"Id":103898,"NickName":"sophia.pham.752"},{"Id":103557,"NickName":"sora.chan.92"},{"Id":103455,"NickName":"starc2p"},{"Id":2,"NickName":"steve_gates"},{"Id":23429,"NickName":"suongttt17411"},{"Id":103615,"NickName":"tai.nguyen86"},{"Id":103706,"NickName":"taipham1991"},{"Id":103517,"NickName":"takhoatran"},{"Id":103359,"NickName":"tan.le.5243"},{"Id":103558,"NickName":"tandat.nguyen.399"},{"Id":103611,"NickName":"tandt.uit"},{"Id":103376,"NickName":"tcvuong"},{"Id":82465,"NickName":"teo113"},{"Id":103380,"NickName":"thachcomputer"},{"Id":103635,"NickName":"thachpham92"},{"Id":103906,"NickName":"thai.buidinh"},{"Id":103817,"NickName":"thaian.nguyen.75"},{"Id":103320,"NickName":"thaitulao.yukan"},{"Id":103688,"NickName":"thaj.crjs"},{"Id":103757,"NickName":"thang.leminh20101982"},{"Id":103664,"NickName":"thanh.cule"},{"Id":103588,"NickName":"thanh.nha.336"},{"Id":103651,"NickName":"thanh.thao.581187"},{"Id":103862,"NickName":"thanh.thien.581"},{"Id":103571,"NickName":"thanh.truongphuong.5"},{"Id":103596,"NickName":"thanhcuong.tc"},{"Id":103910,"NickName":"thanhhai.le.125"},{"Id":103816,"NickName":"thanhhieu.nguyenhuynh"},{"Id":103524,"NickName":"thanhhk1202"},{"Id":103959,"NickName":"thanhlong296"},{"Id":103414,"NickName":"thanhlucdang"},{"Id":103740,"NickName":"ThanhNDVN"},{"Id":103779,"NickName":"thanhnguyenquoc"},{"Id":103447,"NickName":"thanhruby7925"},{"Id":103838,"NickName":"thanhtinh.chau79"},{"Id":103526,"NickName":"thanhtra.ftu"},{"Id":103627,"NickName":"thanhtu.nguyen.71"},{"Id":103632,"NickName":"thao.bui.50"},{"Id":103729,"NickName":"thao.phuong.7973"},{"Id":103489,"NickName":"thao.trananh.77"},{"Id":103493,"NickName":"thaoquyen.nguyen"},{"Id":103626,"NickName":"thaoquynhdhd"},{"Id":103349,"NickName":"Thaygiao.thien"},{"Id":103614,"NickName":"thehien.tran.37"},{"Id":23448,"NickName":"thekingdemon012399"},{"Id":103631,"NickName":"theresa.prietos"},{"Id":103674,"NickName":"thesonth"},{"Id":103783,"NickName":"thesungpro"},{"Id":103533,"NickName":"thieu.ta.9"},{"Id":103643,"NickName":"thinhbui1303"},{"Id":103623,"NickName":"thinhdautu"},{"Id":103884,"NickName":"thithaoptit"},{"Id":103563,"NickName":"thong.nguyenngocquang"},{"Id":103496,"NickName":"thtruong"},{"Id":103861,"NickName":"thu.duong.5"},{"Id":103319,"NickName":"thu.p.trinh"},{"Id":103767,"NickName":"thuan.quoc.77"},{"Id":13879,"NickName":"thuanta17411"},{"Id":103356,"NickName":"thuattq"},{"Id":103579,"NickName":"thuc.nguyen.3363"},{"Id":103562,"NickName":"thunga.nguyen.904"},{"Id":103701,"NickName":"thuongpc"},{"Id":103654,"NickName":"thutruc.huynh.3"},{"Id":103719,"NickName":"thuy.huynh.315213"},{"Id":103492,"NickName":"thuy.thu.161"},{"Id":103736,"NickName":"thuy.trang.35110"},{"Id":103640,"NickName":"thuy.xinh.180"},{"Id":103322,"NickName":"thuyan411"},{"Id":103764,"NickName":"thuygiangnl"},{"Id":103661,"NickName":"thuyhang.nguyen.169067"},{"Id":103437,"NickName":"thuykha.do"},{"Id":103799,"NickName":"thy.chau.13"},{"Id":103445,"NickName":"tieuthull"},{"Id":103835,"NickName":"tinhcat0012"},{"Id":103412,"NickName":"tini.nd"},{"Id":103374,"NickName":"toanphu.nguyen"},{"Id":103535,"NickName":"tommy.to0104"},{"Id":103712,"NickName":"tossyyossy"},{"Id":103805,"NickName":"tphuocthai"},{"Id":103333,"NickName":"tqthang2104"},{"Id":103330,"NickName":"tracyluu07"},{"Id":103849,"NickName":"tram.dong.3"},{"Id":103745,"NickName":"tram.t.nguyen.31"},{"Id":103735,"NickName":"tram.vu.7982"},{"Id":103819,"NickName":"tran.anh.khoa.86"},{"Id":103822,"NickName":"tran.dat.1029"},{"Id":103859,"NickName":"tran.huynh.2012"},{"Id":103622,"NickName":"tran.m.quynh.1"},{"Id":103484,"NickName":"tran.mai.7165"},{"Id":103485,"NickName":"tran.quyen.399"},{"Id":103458,"NickName":"tran.tuyet.129"},{"Id":103569,"NickName":"tran.v.nam.37"},{"Id":103964,"NickName":"tran.yen.31149"},{"Id":103808,"NickName":"trangxinhtuoi"},{"Id":103551,"NickName":"tranhoanganhvn"},{"Id":103393,"NickName":"tranlam881991"},{"Id":103850,"NickName":"tranlevinhvn"},{"Id":103754,"NickName":"tranminh105"},{"Id":103426,"NickName":"tranminhmanh"},{"Id":103860,"NickName":"tranngoctienvn"},{"Id":103971,"NickName":"trannhatvy"},{"Id":101213,"NickName":"tranphammannhi"},{"Id":102526,"NickName":"tranphammannhi1"},{"Id":103772,"NickName":"tranthanh.tung.754"},{"Id":103427,"NickName":"trieu.hien.35"},{"Id":103601,"NickName":"trieu.thuy.5"},{"Id":103515,"NickName":"trieu001"},{"Id":103969,"NickName":"trinh.t.khanh"},{"Id":103373,"NickName":"trinh.thuhuong.7"},{"Id":103577,"NickName":"trinhcongthanh"},{"Id":103608,"NickName":"trinhduyky"},{"Id":103711,"NickName":"trongtruongthanh22389"},{"Id":103686,"NickName":"TrucMai.Mr"},{"Id":103806,"NickName":"trung.la.315"},{"Id":103732,"NickName":"trung.thanh0311"},{"Id":103338,"NickName":"truong.g.huong"},{"Id":103902,"NickName":"truong.hoangphuoc"},{"Id":103791,"NickName":"truong.lenhut.7"},{"Id":103721,"NickName":"truong.minhtan.56"},{"Id":103408,"NickName":"truong.t.ha.1"},{"Id":103531,"NickName":"TruongTranVu"},{"Id":15221,"NickName":"truyentt17411"},{"Id":103612,"NickName":"ttkquyen"},{"Id":103874,"NickName":"tu.dinh.5"},{"Id":103723,"NickName":"tu.duong.1441"},{"Id":103583,"NickName":"tu.hao.73"},{"Id":103332,"NickName":"tu.hp.10"},{"Id":103546,"NickName":"tuan.doan.31945"},{"Id":103530,"NickName":"tuan.phananh.7393"},{"Id":103976,"NickName":"tuan.tran.796774"},{"Id":103785,"NickName":"tuan15992"},{"Id":103995,"NickName":"tuankiet.ngo.1"},{"Id":103619,"NickName":"tuannguyenSilver"},{"Id":103960,"NickName":"tuanpkna"},{"Id":103888,"NickName":"tuehoan"},{"Id":103746,"NickName":"tung.ledinh"},{"Id":103567,"NickName":"tung.thanh.370"},{"Id":103461,"NickName":"tunv87"},{"Id":103741,"NickName":"tuoi.le.9"},{"Id":103381,"NickName":"tuong.vi.750"},{"Id":103641,"NickName":"tuonglam.dang"},{"Id":103382,"NickName":"tuquyen.tranngoc"},{"Id":103525,"NickName":"tyt.kyun"},{"Id":103653,"NickName":"tytoe.tran"},{"Id":103961,"NickName":"uyenphuong.le.7547"},{"Id":103759,"NickName":"van.thuy.35"},{"Id":103598,"NickName":"vanbachbn"},{"Id":103908,"NickName":"vancanhbinhls"},{"Id":103416,"NickName":"vanduong0403"},{"Id":103897,"NickName":"vankhanguyen"},{"Id":103522,"NickName":"vantaipc"},{"Id":103474,"NickName":"vhien2201"},{"Id":103967,"NickName":"vibollmc"},{"Id":103698,"NickName":"vicent.pmt"},{"Id":6,"NickName":"victoria_victoria"},{"Id":15202,"NickName":"vietbth17411"},{"Id":103885,"NickName":"vietphuongtran73"},{"Id":103550,"NickName":"VigorRomeo"},{"Id":103762,"NickName":"vinh.nguyen.5036"},{"Id":103440,"NickName":"vinhdinhnguyen"},{"Id":103903,"NickName":"VinhMessi"},{"Id":103469,"NickName":"vixu13"},{"Id":14906,"NickName":"vntt1234"},{"Id":103561,"NickName":"vo.x.phuc"},{"Id":103795,"NickName":"voluonggiac"},{"Id":103321,"NickName":"vomanhcuong"},{"Id":103448,"NickName":"vu.n.anh.5"},{"Id":103518,"NickName":"vu.phuong.5264"},{"Id":103544,"NickName":"vu.tiet"},{"Id":103543,"NickName":"vuduyduc13"},{"Id":103868,"NickName":"vuhoan24"},{"Id":103529,"NickName":"vunguyen.nguyen.7"},{"Id":103916,"NickName":"vuongtrieungoc"},{"Id":103966,"NickName":"vuson.tung.9"},{"Id":103763,"NickName":"vy.vu.1447"},{"Id":14180,"NickName":"vytl17411"},{"Id":103314,"NickName":"vyvo83"},{"Id":103832,"NickName":"web3in1"},{"Id":103511,"NickName":"wendy.zhou.7583"},{"Id":103980,"NickName":"werty.cvg"},{"Id":103312,"NickName":"western84"},{"Id":103986,"NickName":"Xezarre.vinhnt"},{"Id":103509,"NickName":"Xoaixinhh"},{"Id":103358,"NickName":"xuan.an.545"},{"Id":15018,"NickName":"xuandtt17411"},{"Id":103648,"NickName":"xuanlinh.phan"},{"Id":103912,"NickName":"xuanroffy"},{"Id":103761,"NickName":"xuni.ntm"},{"Id":103877,"NickName":"xuongrongnguquen"},{"Id":103904,"NickName":"yenxaome"},{"Id":103610,"NickName":"yoneteru"},{"Id":103718,"NickName":"young.che"},{"Id":23251,"NickName":"zeatop939"},{"Id":103957,"NickName":"zHeroNguyen"}]