[{"Id":1,"Name":"Build your own computer","UnitPrice":1200},{"Id":2,"Name":"Digital Storm VANQUISH 3 Custom Performance PC","UnitPrice":1259},{"Id":3,"Name":"Lenovo IdeaCentre 600 All-in-One PC","UnitPrice":500},{"Id":4,"Name":"Apple MacBook Pro 13-inch","UnitPrice":1800},{"Id":5,"Name":"Asus N551JK-XO076H Laptop","UnitPrice":1500},{"Id":6,"Name":"Samsung Series 9 NP900X4C Premium Ultrabook","UnitPrice":1590},{"Id":7,"Name":"HP Spectre XT Pro UltraBook","UnitPrice":1350},{"Id":8,"Name":"HP Envy 6-1180ca 15.6-Inch Sleekbook","UnitPrice":1460},{"Id":9,"Name":"Lenovo Thinkpad X1 Carbon Laptop","UnitPrice":1360},{"Id":10,"Name":"Adobe Photoshop CS4","UnitPrice":75},{"Id":11,"Name":"Windows 8 Pro","UnitPrice":65},{"Id":12,"Name":"Sound Forge Pro 11 (recurring)","UnitPrice":54.99},{"Id":13,"Name":"Nikon D5500 DSLR","UnitPrice":670},{"Id":14,"Name":"Nikon D5500 DSLR - Black","UnitPrice":670},{"Id":15,"Name":"Nikon D5500 DSLR - Red","UnitPrice":630},{"Id":16,"Name":"Leica T Mirrorless Digital Camera","UnitPrice":530},{"Id":17,"Name":"Apple iCam","UnitPrice":1300},{"Id":18,"Name":"HTC One M8 Android L 5.0 Lollipop","UnitPrice":245},{"Id":19,"Name":"HTC One Mini Blue","UnitPrice":100},{"Id":20,"Name":"Nokia Lumia 1020","UnitPrice":349},{"Id":21,"Name":"Beats Pill 2.0 Wireless Speaker","UnitPrice":79.99},{"Id":22,"Name":"Universal 7-8 Inch Tablet Cover","UnitPrice":39},{"Id":23,"Name":"Portable Sound Speakers","UnitPrice":37},{"Id":24,"Name":"Nike Floral Roshe Customized Running Shoes","UnitPrice":40},{"Id":25,"Name":"adidas Consortium Campus 80s Running Shoes","UnitPrice":27.56},{"Id":26,"Name":"Nike SB Zoom Stefan Janoski \u0022Medium Mint\u0022","UnitPrice":30},{"Id":27,"Name":"Nike Tailwind Loose Short-Sleeve Running Shirt","UnitPrice":15},{"Id":28,"Name":"Oversized Women T-Shirt","UnitPrice":24},{"Id":29,"Name":"Custom T-Shirt","UnitPrice":15},{"Id":30,"Name":"Levi\u0027s 511 Jeans","UnitPrice":43.5},{"Id":31,"Name":"Obey Propaganda Hat","UnitPrice":30},{"Id":32,"Name":"Reversible Horseferry Check Belt","UnitPrice":45},{"Id":33,"Name":"Ray Ban Aviator Sunglasses","UnitPrice":25},{"Id":34,"Name":"Night Visions","UnitPrice":2.8},{"Id":35,"Name":"If You Wait (donation)","UnitPrice":0},{"Id":36,"Name":"Science \u0026 Faith","UnitPrice":0},{"Id":37,"Name":"Fahrenheit 451 by Ray Bradbury","UnitPrice":27},{"Id":38,"Name":"First Prize Pies","UnitPrice":51},{"Id":39,"Name":"Pride and Prejudice","UnitPrice":24},{"Id":40,"Name":"Elegant Gemstone Necklace (rental)","UnitPrice":30},{"Id":41,"Name":"Flower Girl Bracelet","UnitPrice":360},{"Id":42,"Name":"Vintage Style Engagement Ring","UnitPrice":2100},{"Id":43,"Name":"$25 Virtual Gift Card","UnitPrice":25},{"Id":44,"Name":"$50 Physical Gift Card","UnitPrice":50},{"Id":45,"Name":"$100 Physical Gift Card","UnitPrice":100},{"Id":46,"Name":"Samsung A7","UnitPrice":3},{"Id":47,"Name":"C\u1EEDa H\u00E0ng Th\u1EDDi Trang","UnitPrice":5},{"Id":48,"Name":"Lightstick BLACKPINK","UnitPrice":20},{"Id":49,"Name":"Gi\u00E0y Sneaker Unisex Sk8 Hi Vans - Navy","UnitPrice":20},{"Id":50,"Name":"A7","UnitPrice":3},{"Id":51,"Name":"T\u00CAN S\u1EA2N PH\u1EA6M","UnitPrice":0},{"Id":52,"Name":"BLACKPINK 2ND MINI ALBUM [KILL THIS LOVE]","UnitPrice":30},{"Id":53,"Name":"[10TH] Bigbang Light Stick Head","UnitPrice":18},{"Id":54,"Name":"B\u1EA1n \u0110\u1EAFt Gi\u00E1 Bao Nhi\u00EAu?","UnitPrice":3},{"Id":55,"Name":"Tu\u1ED5i 20 t\u00F4i \u0111\u00E3 s\u1ED1ng nh\u01B0 m\u1ED9t b\u00F4ng hoa d\u1EA1i","UnitPrice":2},{"Id":56,"Name":"Nh\u00E0 Gi\u1EA3 Kim","UnitPrice":2.1},{"Id":57,"Name":"\u1ED0ng h\u00FAt gi\u1EA5y","UnitPrice":2},{"Id":58,"Name":"Gi\u1EA5y n\u1EA3y m\u1EA7m","UnitPrice":2},{"Id":59,"Name":"H\u00E0nh Tr\u00ECnh V\u1EC1 Ph\u01B0\u01A1ng \u0110\u00F4ng","UnitPrice":2},{"Id":60,"Name":"H\u1ED9p \u1ED0ng H\u00FAt Tre - H\u1ED9p 5 \u1ED1ng","UnitPrice":2},{"Id":61,"Name":"S\u1ED1ng Th\u1EF1c T\u1EBF Gi\u1EEFa \u0110\u1EDDi Th\u1EF1c D\u1EE5ng","UnitPrice":3},{"Id":62,"Name":"\u1ED0ng h\u00FAt g\u1EA1o OCHAO 500 Gram","UnitPrice":3},{"Id":63,"Name":"B\u00F4ng t\u1EAFm s\u01A1 m\u01B0\u1EDBp","UnitPrice":1.5},{"Id":64,"Name":"\u1ED0ng h\u00FAt c\u1ECF b\u00E0ng kh\u00F4 - H\u1ED9p 500 \u1ED1ng","UnitPrice":20},{"Id":65,"Name":"Tony Bu\u1ED5i S\u00E1ng - Tr\u00EAn \u0110\u01B0\u1EDDng B\u0103ng","UnitPrice":2},{"Id":66,"Name":"\u1ED0ng h\u00FAt kim lo\u1EA1i","UnitPrice":0},{"Id":67,"Name":"B\u00E0n ch\u1EA3i tre","UnitPrice":1.5},{"Id":68,"Name":"Gi\u1EDBi H\u1EA1n C\u1EE7a B\u1EA1n Ch\u1EC9 L\u00E0 Xu\u1EA5t Ph\u00E1t \u0110i\u1EC3m C\u1EE7a T\u00F4i","UnitPrice":2.5},{"Id":69,"Name":"B\u00ECnh gi\u1EEF nhi\u1EC7t kim lo\u1EA1i","UnitPrice":20},{"Id":70,"Name":"V\u1EA3i s\u00E1p ong","UnitPrice":5},{"Id":71,"Name":"H\u1ED9p b\u00E3 m\u00EDa","UnitPrice":1},{"Id":72,"Name":"T\u00FAi r\u00E1c sinh h\u1ECDc","UnitPrice":3},{"Id":73,"Name":"\u1ED0ng H\u00FAt Kim Lo\u1EA1i B\u1EB1ng Th\u00E9p Kh\u00F4ng G\u1EC9","UnitPrice":2},{"Id":74,"Name":"Ly Gi\u1EA5y D\u00F9ng M\u1ED9t L\u1EA7n EDO TH7526","UnitPrice":15},{"Id":75,"Name":"X\u00E0 ph\u00F2ng handmade Coco-Secret Coffee 110gram","UnitPrice":1.5},{"Id":76,"Name":"\u1ED0ng h\u00FAt gi\u1EA5y - copy","UnitPrice":2},{"Id":77,"Name":"T\u00FAi V\u1EA3i G\u1EA5p G\u1ECDn Th\u00F4ng Minh B\u1EA3o V\u1EC7 M\u00F4i Tr\u01B0\u1EDDng","UnitPrice":1.7},{"Id":78,"Name":"Nh\u00F3m test","UnitPrice":2},{"Id":79,"Name":"Gi\u00E0y Sneaker Unisex Converse Chuck Taylor All Star 1970s Black/w 2018","UnitPrice":18},{"Id":80,"Name":"GI\u00C0Y CONVERSE SUNFLOWER TH\u1EA4P C\u1ED4 SF","UnitPrice":11},{"Id":81,"Name":"Gi\u00E0y Sneaker Unisex Converse Chuck Taylor All Star 1970s White/w 2018 SF","UnitPrice":15},{"Id":82,"Name":"Gi\u00E0y Sneaker Unisex Sk8 Hi Vans - Black","UnitPrice":20},{"Id":83,"Name":"Xiaomi Redmi Go","UnitPrice":77},{"Id":84,"Name":"Xiaomi Redmi 7 16GB","UnitPrice":129},{"Id":85,"Name":"Xiaomi Mi A2 Lite","UnitPrice":189},{"Id":86,"Name":"Xiaomi Redmi Note 6 Pro 32GB","UnitPrice":215},{"Id":87,"Name":"Xiaomi Redmi Note 7 64GB","UnitPrice":215},{"Id":88,"Name":"Xiaomi Redmi Note 6 Pro 64GB","UnitPrice":245},{"Id":89,"Name":"Xiaomi Mi 8 Lite 6GB/128GB","UnitPrice":289},{"Id":90,"Name":"Xiaomi Mi 8","UnitPrice":560},{"Id":91,"Name":"Gi\u00E0y Sneaker Unisex Sk8 Hi Vans - True White","UnitPrice":20},{"Id":92,"Name":"Combo Hoa ban","UnitPrice":24},{"Id":93,"Name":"D\u00E9p c\u00F3i","UnitPrice":5},{"Id":94,"Name":"Strap d\u00E2y \u0111i\u1EC7n tho\u1EA1i Blackpink","UnitPrice":1},{"Id":95,"Name":"B\u00ECnh \u0111\u1EF1ng n\u01B0\u1EDBc","UnitPrice":6},{"Id":96,"Name":"M\u00F3c kh\u00F3a BTS ph\u00E1t s\u00E1ng BTS m\u1EABu B","UnitPrice":2},{"Id":97,"Name":"T\u00FAi m\u00E2y h\u00ECnh thang","UnitPrice":24},{"Id":98,"Name":"\u0110\u0129a l\u00E1 l\u1EDBn tre cu\u1ED1n","UnitPrice":6},{"Id":99,"Name":"T\u00FAi x\u00E1ch tay","UnitPrice":13},{"Id":100,"Name":"T\u00FAi c\u00F3i","UnitPrice":6},{"Id":101,"Name":"Qu\u1EA7n Baggy Jean N\u1EEF","UnitPrice":0},{"Id":102,"Name":"Qu\u1EA7n Baggy Jean N\u1EEF","UnitPrice":0},{"Id":103,"Name":"Qu\u1EA7n Jean Baggy N\u1EEF B \u0026 Y","UnitPrice":7},{"Id":104,"Name":"Th\u00FA b\u00F4ng Baby Kookie JungKook doll BTS b\u1EA3n mini","UnitPrice":15},{"Id":105,"Name":"Balo BTS th\u00F4ng minh m\u00E0u xanh","UnitPrice":10},{"Id":106,"Name":"Converse \u0111en c\u1ED5 th\u1EA5p","UnitPrice":22},{"Id":107,"Name":"Converse \u0111en c\u1ED5 th\u1EA5p","UnitPrice":22},{"Id":108,"Name":"Gi\u00E0y Sneaker Adidas Superstar Nam N\u1EEF Rubber Da Tr\u01A1n White/Tr\u1EAFng","UnitPrice":25},{"Id":109,"Name":"Converse v\u00E0ng b\u1EA1ch kim","UnitPrice":19},{"Id":110,"Name":"Vans","UnitPrice":25},{"Id":111,"Name":"Puma","UnitPrice":20},{"Id":112,"Name":"New Banlance 580","UnitPrice":20},{"Id":113,"Name":"Jordan Retro","UnitPrice":17},{"Id":114,"Name":"nike air force 1 low","UnitPrice":20},{"Id":115,"Name":"Skerchers","UnitPrice":17},{"Id":116,"Name":"Converse classic x\u00E1m","UnitPrice":20},{"Id":117,"Name":"Nike Air Max","UnitPrice":18},{"Id":118,"Name":"Converse \u0111\u1ECF c\u1ED5 cao","UnitPrice":20},{"Id":119,"Name":"Qu\u1EA7n Jeans N\u1EEF B\u0026Y","UnitPrice":9},{"Id":120,"Name":"Quai v\u1EA3i","UnitPrice":2},{"Id":121,"Name":"\u1ED0ng h\u00FAt inox","UnitPrice":3},{"Id":122,"Name":"H\u1ED9p b\u00E3 m\u00EDa","UnitPrice":5},{"Id":123,"Name":"Gi\u1EA5y n\u1EA3y m\u1EA7m","UnitPrice":3},{"Id":124,"Name":"T\u00FAi gi\u1EA5y","UnitPrice":3},{"Id":125,"Name":"A\u00F3 S\u01A1 Mi Form R\u1ED9ng D\u00E1ng D\u00E0i B\u0026Y","UnitPrice":8},{"Id":126,"Name":"A\u00F3 Thun B\u0026Y","UnitPrice":3},{"Id":127,"Name":"B\u00E0n ch\u1EA3i tre","UnitPrice":2},{"Id":128,"Name":"LeBleu Homestay d\u00E0nh cho 4 ng\u01B0\u1EDDi","UnitPrice":30.04},{"Id":129,"Name":"Le Bleu Homestay d\u00E0nh cho 4 ng\u01B0\u1EDDi","UnitPrice":30.04},{"Id":130,"Name":"\u0110\u1EA7m Su\u00F4ng B\u0026Y","UnitPrice":12},{"Id":131,"Name":"LeBleu Homestay d\u00E0nh cho 2 ng\u01B0\u1EDDi","UnitPrice":17.17},{"Id":132,"Name":"Ch\u00E2n V\u00E1y B\u0026Y","UnitPrice":7},{"Id":133,"Name":"HA\u0323T GI\u00D4\u0301NG SEN NH\u00C2\u0323T","UnitPrice":1.3},{"Id":134,"Name":"HA\u0323T GI\u00D4\u0301NG SEN NH\u00C2\u0323T","UnitPrice":1.3},{"Id":135,"Name":"Qu\u1EA7n Short Kaki \u1ED1ng r\u1ED9ng B\u0026Y","UnitPrice":2.5},{"Id":136,"Name":"HA\u0323T GI\u00D4\u0301NG KIWI","UnitPrice":0},{"Id":137,"Name":"Tre Homestay Ph\u00F2ng ri\u00EAng","UnitPrice":17.17},{"Id":138,"Name":"Combo Hoa Ban","UnitPrice":24},{"Id":139,"Name":"Th\u1EDDi Bao C\u1EA5p Homestay Ph\u00F2ng Dorm","UnitPrice":3.43},{"Id":140,"Name":"Th\u1EDDi Bao C\u1EA5p Homestay Ph\u00F2ng \u0110\u01A1n","UnitPrice":6.86},{"Id":141,"Name":"Legume Homestay Ph\u00F2ng Bungalow 2 ng\u01B0\u1EDDi","UnitPrice":17.17},{"Id":142,"Name":"Legume Homestay Ph\u00F2ng Bungalow 4 ng\u01B0\u1EDDi","UnitPrice":25.75},{"Id":143,"Name":"G\u1EADy C\u1ED5 V\u0169 Unoff Lightstick Seventeen","UnitPrice":21},{"Id":144,"Name":"Peaceminusone cap Gdragon - pea001","UnitPrice":6},{"Id":145,"Name":"\u00C1o ikon","UnitPrice":8},{"Id":146,"Name":"G\u1ED1i Rj g\u1ED1i \u00F4m BTS","UnitPrice":7},{"Id":147,"Name":"G\u1ED1i \u00D4m Vu\u00F4ng BTS GVKC060","UnitPrice":8},{"Id":148,"Name":"Balo th\u1EDDi trang Troy - Bigbang","UnitPrice":10},{"Id":149,"Name":"\u1ED0ng h\u00FAt inox","UnitPrice":1},{"Id":150,"Name":"C\u1ED1c x\u1EBFp l\u00FAa m\u1EA1ch th\u00E2n thi\u1EC7n m\u00F4i tr\u01B0\u1EDDng","UnitPrice":3},{"Id":151,"Name":"\u1ED0ng h\u00FAt tre","UnitPrice":0},{"Id":152,"Name":"B\u00E0n ch\u1EA3i tre","UnitPrice":2},{"Id":153,"Name":"B\u1ED9 th\u00ECa \u0111\u0169a d\u0129a l\u00E0m t\u1EEB l\u00FAa m\u1EA1ch","UnitPrice":5},{"Id":154,"Name":"D\u00E9p c\u00F3i","UnitPrice":5},{"Id":155,"Name":"T\u00FAi m\u00E2y h\u00ECnh thang","UnitPrice":24},{"Id":156,"Name":"T\u00FAi x\u00E1ch tay","UnitPrice":13},{"Id":157,"Name":"Quai v\u1EA3i","UnitPrice":2},{"Id":158,"Name":"H\u1ED9p b\u00E3 m\u00EDa","UnitPrice":5},{"Id":159,"Name":"Gi\u1EA5y n\u1EA3y m\u1EA7m","UnitPrice":3},{"Id":160,"Name":"T\u00FAi gi\u1EA5y","UnitPrice":3},{"Id":161,"Name":"Basic tee 1","UnitPrice":14},{"Id":162,"Name":"B\u01A1 S\u00E1p \u0110\u00E0 L\u1EA1t","UnitPrice":4.27},{"Id":163,"Name":"B\u01B0\u1EDFi N\u0103m Roi V\u0129nh Long","UnitPrice":0.89},{"Id":164,"Name":"Ch\u00F4m Ch\u00F4m Ti\u1EC1n Giang","UnitPrice":0.99},{"Id":165,"Name":"Chu\u1ED1i Ng\u1EF1 - Nam \u0110\u1ECBnh","UnitPrice":1.25},{"Id":166,"Name":"D\u00E2u T\u00E2y \u0110\u00E0 L\u1EA1t","UnitPrice":5.56},{"Id":167,"Name":"Tank top 01","UnitPrice":15},{"Id":168,"Name":"Denim Jeans","UnitPrice":20.8},{"Id":169,"Name":"Short Jeans 01","UnitPrice":18},{"Id":170,"Name":"Short Jeans 02","UnitPrice":18},{"Id":171,"Name":"Bamboo Straw","UnitPrice":0.1},{"Id":172,"Name":"Dip Dye Sweater","UnitPrice":17},{"Id":173,"Name":"Basic Jogger In Black","UnitPrice":20},{"Id":174,"Name":"Bamboo Basket","UnitPrice":6},{"Id":175,"Name":"iPhone Xs Max 64GB","UnitPrice":1070},{"Id":176,"Name":"Set inox straw","UnitPrice":1},{"Id":177,"Name":"Canvas Bag","UnitPrice":2},{"Id":178,"Name":"Bamboo Toothbrush","UnitPrice":1},{"Id":179,"Name":"Samsung Galaxy Note 8","UnitPrice":429},{"Id":180,"Name":"Beverage Steeve Bag","UnitPrice":1},{"Id":181,"Name":"OPPO F11","UnitPrice":300},{"Id":182,"Name":"Samsung Galaxy A70","UnitPrice":385},{"Id":183,"Name":"Huawei P30 Lite","UnitPrice":278},{"Id":184,"Name":"Paper Coffee Cup","UnitPrice":0.5},{"Id":185,"Name":"Circle Straw Bag","UnitPrice":2},{"Id":186,"Name":"Grass Straw","UnitPrice":1},{"Id":187,"Name":"Cam Canh H\u00E0 N\u1ED9i","UnitPrice":2.5},{"Id":188,"Name":"Chu\u1ED1i Ng\u1EF1 - Nam \u0110\u1ECBnh","UnitPrice":1.2},{"Id":189,"Name":"M\u1EADn H\u1EADu - S\u01A1n La","UnitPrice":9.2},{"Id":190,"Name":"Nh\u00E3n L\u1ED3ng H\u01B0ng Y\u00EAn","UnitPrice":11.99},{"Id":191,"Name":"V\u1EA3i Thi\u1EC1u Thanh H\u00E0","UnitPrice":10.99},{"Id":192,"Name":"Diamond Promise Ring 1/5 ct tw Round-cut Sterling Silver","UnitPrice":150},{"Id":193,"Name":"Diamond Promise Ring 1/15 ct tw Sterling Silver","UnitPrice":149.99},{"Id":194,"Name":"Promise Ring Diamond Accent Sterling Silver","UnitPrice":99},{"Id":195,"Name":"Diamond Heart Promise Ring 1/20 ct tw Round Sterling Silver","UnitPrice":119},{"Id":196,"Name":"Black/White Diamonds 1/5 ct tw Promise Ring Sterling Silver","UnitPrice":279},{"Id":197,"Name":"Diamond Promise Ring 1/15 ct tw Round-cut Sterling Silver","UnitPrice":129},{"Id":198,"Name":"Diamond Promise Ring 1/4 ct tw Round-cut Sterling Silver","UnitPrice":399},{"Id":199,"Name":"Diamond Promise Ring 1/6 ct tw Round-cut 10K White Gold","UnitPrice":399.99},{"Id":200,"Name":"Promise Ring 1/10 ct tw Diamonds Sterling Silver/10K Gold","UnitPrice":179},{"Id":201,"Name":"Diamond Promise Ring 1/6 ct tw Round-cut 10K White Gold","UnitPrice":649},{"Id":202,"Name":"Diamond Promise Ring 1/5 ct tw Round/Baguette 10K Rose Gold","UnitPrice":599.99},{"Id":203,"Name":"Promise Ring 1/10 ct Diamond 10K White Gold","UnitPrice":499},{"Id":204,"Name":"Promise Ring 1/6 ct tw Diamonds Sterling Silver/10K Gold","UnitPrice":269},{"Id":205,"Name":"Diamond Promise Ring 1/10 ct tw Round-cut Sterling Silver","UnitPrice":179},{"Id":206,"Name":"Three-Stone Promise Ring 1/6 ct tw Diamonds 10K White Gold","UnitPrice":429},{"Id":207,"Name":"Stackable Diamond Ring 1/8 ct tw Diamonds Sterling Silver","UnitPrice":179},{"Id":208,"Name":"Blue \u0026 White Diamonds 1/8 ct tw Round-cut Sterling Silver Promise Ring","UnitPrice":199},{"Id":209,"Name":"Diamond Promise Ring 1/5 ct tw Round-cut Sterling Silver","UnitPrice":289},{"Id":210,"Name":"Black/White Diamond Promise Ring 1/10 ct tw Sterling Silver","UnitPrice":149},{"Id":211,"Name":"Diamond Promise Ring 1/20 ct tw Round-cut Sterling Silver","UnitPrice":149.99},{"Id":212,"Name":"Diamond Promise Ring 1/6 ct tw Round-cut 10K White Gold","UnitPrice":399.99},{"Id":213,"Name":"Diamond Promise Ring 1/4 ct tw Round/Baguette 10K White Gold","UnitPrice":529},{"Id":214,"Name":"Diamond Promise Ring 1/6 ct tw Black/White Sterling Silver","UnitPrice":159},{"Id":215,"Name":"Diamond Promise Ring 1/5 ct tw Round-cut Sterling Silver","UnitPrice":289},{"Id":216,"Name":"Diamond Promise Ring 1/5 ct tw Round-cut Sterling Silver","UnitPrice":289},{"Id":217,"Name":"Diamond Promise Ring 1/8 ct tw Round-cut Sterling Silver Ring","UnitPrice":229},{"Id":218,"Name":"Heart Promise Ring 1/5 ct tw Diamonds Sterling Silver","UnitPrice":299},{"Id":219,"Name":"Diamond Promise Ring 1/6 ct tw Round-cut Sterling Silver","UnitPrice":249.99},{"Id":220,"Name":"Diamond Promise Ring 1/10 ct tw Round-cut Sterling Silver","UnitPrice":179},{"Id":221,"Name":"Diamond Promise Ring 1/8 ct tw Round-cut Sterling Silver","UnitPrice":249},{"Id":222,"Name":"Black/White Diamond Promise Ring 1/5 ct tw Sterling Silver","UnitPrice":239},{"Id":223,"Name":"Diamond Promise Ring 1/6 ct tw Round-cut Sterling Silver","UnitPrice":299.99},{"Id":224,"Name":"Diamond Ring 1/5 ct tw Sterling Silver/10K Rose Gold","UnitPrice":499.99},{"Id":225,"Name":"Diamond Promise Ring 1/10 ct tw Round-cut 10K White Gold","UnitPrice":329},{"Id":226,"Name":"Diamond Promise Ring 1/2 ct tw Round-cut 10K White Gold","UnitPrice":1099},{"Id":227,"Name":"Diamond Promise Ring 1/6 ct tw Round-cut 10K Rose Gold","UnitPrice":429},{"Id":228,"Name":"Diamond Promise Ring 1/8 ct tw Round-cut 10K Rose Gold","UnitPrice":359},{"Id":229,"Name":"Diamond Promise Ring 1/8 ct tw Round-cut Sterling Silver","UnitPrice":229},{"Id":230,"Name":"Diamond Promise Ring 1/4 ct tw Pear/Round 10K Yellow Gold","UnitPrice":699.99},{"Id":231,"Name":"Black/White Diamond Promise Ring 1/8 ct tw Sterling Silver","UnitPrice":189},{"Id":232,"Name":"Diamond Promise Ring 1/5 ct tw Round-cut Sterling Silver","UnitPrice":299.99},{"Id":233,"Name":"Diamond Promise Ring 1/10 ct tw Round-cut 10K White Gold","UnitPrice":359},{"Id":234,"Name":"3-Stone Promise Ring 1/6 ct tw Diamonds Sterling Silver","UnitPrice":279},{"Id":235,"Name":"Diamond Heart Promise Ring 1/10 cttw Round-cut Sterling Silver/10K Gold","UnitPrice":229},{"Id":236,"Name":"Black \u0026 White Diamond Promise Ring 1/6 ct tw Sterling Silver","UnitPrice":219},{"Id":237,"Name":"Diamond Promise Ring 1/4 ct tw Round-cut Sterling Silver","UnitPrice":399.99},{"Id":238,"Name":"Black/White Diamond Promise Ring 1/6 ct tw Sterling Silver","UnitPrice":179},{"Id":239,"Name":"Diamond Promise Ring 1/15 Carat Round-cut Sterling Silver","UnitPrice":139},{"Id":240,"Name":"Hallmark Diamonds Promise Ring 1/4 ct tw Sterling Silver","UnitPrice":449.99},{"Id":241,"Name":"Diamond Promise Ring 1/4 ct tw Round-cut 10K White Gold","UnitPrice":497.399},{"Id":242,"Name":"Diamond Heart Promise Ring 1/6 ct tw Round-cut 10K Yellow Gold","UnitPrice":399.99},{"Id":243,"Name":"Diamond Promise Ring 1/8 ct tw Round-cut Sterling Silver","UnitPrice":179},{"Id":244,"Name":"Diamond Promise Ring 1/6 ct tw Round-cut Sterling Silver","UnitPrice":229},{"Id":245,"Name":"Diamond Promise Ring 1/6 ct tw Round-cut 10K Yellow Gold","UnitPrice":429},{"Id":246,"Name":"Hallmark Diamonds Amethyst Promise Ring 1/10 ct tw Sterling Silver \u0026 10K Rose Gold","UnitPrice":299.99},{"Id":247,"Name":"Diamond Promise Ring 1/10 ct tw Round-cut Sterling Silver","UnitPrice":179},{"Id":248,"Name":"Diamond Promise Ring 1/5 ct tw Round/Baguette 10K White Gold","UnitPrice":549},{"Id":249,"Name":"Promise Ring 1/5 ct tw Diamonds Sterling Silver/10K Rose Gold","UnitPrice":479},{"Id":250,"Name":"Diamond Promise Ring 1/6 ct tw Round-cut 10K Rose Gold","UnitPrice":499.99},{"Id":251,"Name":"Diamond Promise Ring 1/8 ct tw Round-cut Sterling Silver","UnitPrice":249},{"Id":252,"Name":"Diamond Promise Ring 1/6 ct tw Round-cut 10K Two-Tone Gold","UnitPrice":499.99},{"Id":253,"Name":"Diamond Promise Ring 1/6 ct tw Blue/White 10K Rose Gold","UnitPrice":419},{"Id":254,"Name":"Diamond Promise Ring 1/6 ct tw Round-cut 10K Yellow Gold","UnitPrice":529},{"Id":255,"Name":"Diamond Promise Ring 1/4 ct tw Round-cut 10K Rose Gold","UnitPrice":699.99},{"Id":256,"Name":"Infinity Symbol Ring 1/6 ct tw Diamonds Sterling Silver","UnitPrice":299},{"Id":257,"Name":"Hallmark Diamonds Lab-Created Blue Sapphire Promise Ring 1/10 ct tw Sterling Silver \u0026 10K Rose Gold","UnitPrice":299.99},{"Id":258,"Name":"Diamond Promise Ring 1/10 ct tw Baguette \u0026 Round-cut 10K Yellow Gold","UnitPrice":299.99},{"Id":259,"Name":"Hallmark Diamonds Swiss Blue Topaz Promise Ring 1/10 ct tw Sterling Silver \u0026 10K Rose Gold","UnitPrice":299.99},{"Id":260,"Name":"Men\u0027s Diamond Band 1-1/2 ct tw Round-cut 10K White Gold","UnitPrice":3999.99},{"Id":261,"Name":"Mother \u0026 Child Ring 1/20 cttw Diamonds Sterling Silver/10K Gold","UnitPrice":159},{"Id":262,"Name":"THE LEO Diamond Ring 1 ct tw Round-cut 14K White Gold","UnitPrice":2999.99},{"Id":263,"Name":"Everything You Are Diamond Ring 1-3/4 ct tw 10K White Gold","UnitPrice":5339.99},{"Id":264,"Name":"Mom Ring 1/5 ct tw Diamonds Sterling Silver","UnitPrice":299},{"Id":265,"Name":"Le Vian Chocolatier Ring 1-1/3 ct tw Diamonds 14K Vanilla Gold","UnitPrice":11297.5},{"Id":266,"Name":"Diamond Ring 1/10 ct tw Round-cut Sterling Silver","UnitPrice":199.99},{"Id":267,"Name":"Diamond Ring 1/6 ct tw 10K White Gold","UnitPrice":279.99},{"Id":268,"Name":"Diamond Heart Ring 1/2 ct tw Round-cut 10K White Gold","UnitPrice":999.99},{"Id":269,"Name":"Bone Infinity Ring 1/20 ct tw Blue Diamonds Sterling Silver","UnitPrice":79.99},{"Id":270,"Name":"Diamond Leaf Ring 1/10 ct tw Round-cut 10K Rose Gold","UnitPrice":399},{"Id":271,"Name":"Diamond Ring 1/15 ct tw Round-cut 10K Rose Gold","UnitPrice":469},{"Id":272,"Name":"Diamond Ring 1/4 ct tw Princess/Round Sterling Silver","UnitPrice":289},{"Id":273,"Name":"Diamond North South Ring 1/2 ct tw Round-cut 10K White Gold","UnitPrice":1099},{"Id":274,"Name":"Diamond Ring 1/4 ct tw Round-cut 10K White Gold","UnitPrice":499.99},{"Id":275,"Name":"Diamond Heart Ring 1/20 ct tw Sterling Silver","UnitPrice":99.99},{"Id":276,"Name":"Le Vian Chocolate Diamond Ring 3/8 ct tw 14K Gold","UnitPrice":1299.99},{"Id":277,"Name":"Diamond Heart/Infinity Ring 1/6 ctw 10K Two-Tone Gold","UnitPrice":399},{"Id":278,"Name":"Everything You Are Diamond Ring 1/2 ct tw 14K White Gold","UnitPrice":1699.99},{"Id":279,"Name":"Diamond Ring 3/4 ct tw 10K White Gold","UnitPrice":899.99},{"Id":280,"Name":"Leo Zodiac Ring 1/10 ct tw Diamonds Sterling Silver","UnitPrice":149.99},{"Id":281,"Name":"Blue \u0026 White Diamond Ring 1/4 ct tw Round-cut Sterling Silver","UnitPrice":259},{"Id":282,"Name":"Le Vian Chocolate \u0026 Nude Diamond Ring 1 ct tw 14K Gold","UnitPrice":1519.96},{"Id":283,"Name":"Diamond Flower Ring 1/20 Carat Round-cut Sterling Silver","UnitPrice":149},{"Id":284,"Name":"Diamond Woven Ring 1/8 ct tw Round-cut Sterling Silver","UnitPrice":199},{"Id":285,"Name":"Disney Treasures \u0022Bambi\u0022 Diamond Ring 1/10 ct tw Sterling Silver \u0026 10K Rose Gold","UnitPrice":299.99},{"Id":286,"Name":"Diamond Ring 3/4 ct tw Round-cut 10K White Gold","UnitPrice":1379},{"Id":287,"Name":"Heart Ring 1/20 cttw Diamonds Sterling Silver/10K Two-Tone Gold","UnitPrice":229},{"Id":288,"Name":"Le Vian Diamond Butterfly Ring 5/8 ct tw 14K Honey Gold","UnitPrice":2499.99},{"Id":289,"Name":"Everything You Are Diamond Ring 1 ct tw 10K Yellow Gold","UnitPrice":2699.99},{"Id":290,"Name":"Le Vian Nude and Chocolate Diamond Ring 1/4 ct tw 14K Honey Gold","UnitPrice":799.99},{"Id":291,"Name":"Diamond Message Ring 1/8 ct tw Sterling Silver/10K Rose Gold","UnitPrice":279},{"Id":292,"Name":"Le Vian Men\u0027s Diamond Ring 7/8 ct tw 14K Honey Gold","UnitPrice":2999.99},{"Id":293,"Name":"Men\u0027s Diamond Ring 2 ct tw Round-cut 10K Yellow Gold","UnitPrice":2999.99},{"Id":294,"Name":"Le Vian Chocolate Diamond Paw Print Ring 5/8 ct tw 14K Gold","UnitPrice":1699.99},{"Id":295,"Name":"Everything You Are Diamond Ring 2 ct tw 10K White Gold","UnitPrice":6899.99},{"Id":296,"Name":"Le Vian Chocolate Diamond Ring 1/5 ct tw 14K Strawberry Gold","UnitPrice":699},{"Id":297,"Name":"Diamond Ring 1/8 ct tw Princess/Round 10K White Gold","UnitPrice":649},{"Id":298,"Name":"Heart Ring 1/5 ct tw Diamonds 10K Two-Tone Gold","UnitPrice":479},{"Id":299,"Name":"Diamond Ring 1/10 ct tw Round-cut 10K White Gold","UnitPrice":299},{"Id":300,"Name":"Diamond Teardrop Ring 1/15 ct tw Round-cut 10K White Gold","UnitPrice":499},{"Id":301,"Name":"Everything You Are Diamond Ring 1 ct tw 10K White Gold","UnitPrice":2699.99},{"Id":302,"Name":"Diamond Ring 1/2 ct tw Round-cut 10K White Gold","UnitPrice":999},{"Id":303,"Name":"Everything You Are Diamond Ring 1-1/2 ct tw 10K White Gold","UnitPrice":3999.99},{"Id":304,"Name":"Diamond Fashion Ring 1/3 Carat tw 10K White Gold","UnitPrice":829},{"Id":305,"Name":"Diamond Leaf/Vine Ring 1/6 ct tw Round-cut 10K Yellow Gold","UnitPrice":429},{"Id":306,"Name":"Diamond Heart Ring 1/15 ct tw Round-cut Sterling Silver","UnitPrice":179.99},{"Id":307,"Name":"Everything You Are Diamond Ring 1/2 ct tw 10K Yellow Gold","UnitPrice":1339.99},{"Id":308,"Name":"Everything You Are Diamond Ring 1-3/4 ct tw 14K White Gold","UnitPrice":5999.99},{"Id":309,"Name":"Diamond Ring 1/10 ct tw Round-cut 10K Rose Gold","UnitPrice":239.99},{"Id":310,"Name":"Le Vian Diamond Ring 3/8 ct tw 14K Honey Gold","UnitPrice":1299.99},{"Id":311,"Name":"Le Vian Diamond Ring 7/8 ct tw Round-cut 14K Honey Gold","UnitPrice":1999.99},{"Id":312,"Name":"Le Vian Aquamarine Ring 1/6 ct tw Diamonds 14K Vanilla Gold","UnitPrice":1999.99},{"Id":313,"Name":"Le Vian Chocolate Quartz Ring 1/4 ct tw Diamonds 14K Gold","UnitPrice":1339.99},{"Id":314,"Name":"Le Vian Amethyst \u0026 Iolite Ring 5/8 ct tw Diamonds 14K Gold","UnitPrice":599.99},{"Id":315,"Name":"Le Vian Amethyst Ring 14K Vanilla Gold","UnitPrice":699.99},{"Id":316,"Name":"Le Vian Diamond Ring 1 ct tw 14K Strawberry Gold","UnitPrice":2499.99},{"Id":317,"Name":"Le Vian Natural Ruby Ring 14K Strawberry Gold","UnitPrice":749},{"Id":318,"Name":"Le Vian Aquaprase \u0026 Diamond Ring 1/3 ct tw 14K Strawberry Gold","UnitPrice":3299.99},{"Id":319,"Name":"Le Vian Chocolatier Ring 1-1/3 ct tw Diamonds 14K Vanilla Gold","UnitPrice":11297.5},{"Id":320,"Name":"Le Vian Opal Ring 1/5 ct tw Diamonds 14K Strawberry Gold","UnitPrice":1699.99},{"Id":321,"Name":"Le Vian Quartz \u0026 Diamond Ring 1/3 ct tw 14K Vanilla Gold","UnitPrice":1399.99},{"Id":322,"Name":"Le Vian Couture Tanzanite Ring 1-5/8 ct tw Diamonds 18K Strawberry Gold","UnitPrice":47297},{"Id":323,"Name":"Le Vian Aquamarine Ring 1/6 ct tw Diamonds 14K Vanilla Gold","UnitPrice":1999.99},{"Id":324,"Name":"Men\u0027s Diamond \u0026 Lab-Created Ruby Lion Ring 1/2 ct tw Round-cut 10K Yellow Gold","UnitPrice":2199},{"Id":325,"Name":"Men\u0027s Onyx \u0026 Diamond Ring 1/10 ct tw 10K Yellow Gold","UnitPrice":899.99},{"Id":326,"Name":"White Lab-Created Sapphire Ring Pear/Round-cut Sterling Silver","UnitPrice":699.99},{"Id":327,"Name":"Neil Lane Morganite Engagement Ring 3/8 ct tw Diamonds 14K Gold","UnitPrice":2399},{"Id":328,"Name":"Natural Sapphire Ring 1/8 ct tw Diamonds 10K White Gold","UnitPrice":899.99},{"Id":329,"Name":"Aquamarine \u0026 Diamond Ring 10K White Gold","UnitPrice":349.99},{"Id":330,"Name":"Disney Treasures The Nightmare Before Christmas Black Onyx \u0026 Diamond Ring 1/5 ct tw Sterling Silver","UnitPrice":329.99},{"Id":331,"Name":"Ethiopian Opal \u0026 Diamond Ring 1/10 ct tw 10K Rose Gold","UnitPrice":699.99},{"Id":332,"Name":"Lab-Created Pink Opal Heart Ring Sterling Silver","UnitPrice":99.99},{"Id":333,"Name":"Blue Sapphire \u0026 Diamond Dainty Flower Ring Round-cut 10K Yellow Gold","UnitPrice":499.99},{"Id":334,"Name":"Le Vian Opal Ring 1/5 ct tw Diamonds 14K Strawberry Gold","UnitPrice":1699.99},{"Id":335,"Name":"Natural Ruby Ring 1/15 ct tw Diamonds 10K Yellow Gold","UnitPrice":699.99},{"Id":336,"Name":"Garnet Ring Diamond Accents 10K Yellow Gold","UnitPrice":299.99},{"Id":337,"Name":"Tanzanite Ring Sterling Silver","UnitPrice":2499.99},{"Id":338,"Name":"8mm Natural Sapphire Wedding Band White Tungsten Carbide","UnitPrice":349.99},{"Id":339,"Name":"Cultured Pearl Ring 1/15 ct tw Diamonds Sterling Silver","UnitPrice":2499.99},{"Id":340,"Name":"Lab-Created Ruby \u0026 White Lab-Created Sapphire Ring Sterling Silver","UnitPrice":699.99},{"Id":341,"Name":"Blue Topaz Ring 1/6 ct tw Diamonds 10K White Gold","UnitPrice":699.99},{"Id":342,"Name":"Diamond Anniversary Band 1/20 ct tw Round-cut 10K White Gold","UnitPrice":159.99},{"Id":343,"Name":"Diamond Wedding Band 1/15 ct tw Round-cut 10K White Gold","UnitPrice":279.99},{"Id":344,"Name":"Stackable Diamond Ring 1/8 ct tw Diamonds Sterling Silver","UnitPrice":179},{"Id":345,"Name":"Crown Ring Lab-Created White Sapphires Sterling Silver","UnitPrice":99.99},{"Id":346,"Name":"Stackable Ring Sterling Silver","UnitPrice":21.99},{"Id":347,"Name":"Diamond Wedding Band 1/6 Carat tw 10K Rose Gold","UnitPrice":359.99},{"Id":348,"Name":"Diamond Eternity Ring 2 ct tw Round-cut 14K White Gold","UnitPrice":3199.2},{"Id":349,"Name":"Anniversary Band 1/4 ct tw Diamonds 10K White Gold","UnitPrice":399.2},{"Id":350,"Name":"Diamond Wedding Band 1/20 ct tw 10K White Gold","UnitPrice":224},{"Id":351,"Name":"Diamond Anniversary Ring 1/10 ct tw Round-cut 10K White Gold","UnitPrice":239.2},{"Id":352,"Name":"Black Silicone Women\u0027s Wedding Band","UnitPrice":23.99},{"Id":353,"Name":"Stackable Heart Ring Diamond Accents Sterling Silver","UnitPrice":74.99},{"Id":354,"Name":"Stackable Ring Fleur-de-Lis Sterling Silver","UnitPrice":42},{"Id":355,"Name":"Stackable Butterfly Ring Lab-Created Sapphire Sterling Silver","UnitPrice":79.99},{"Id":356,"Name":"Stackable Ring Lab-Created Sapphire Sterling Silver","UnitPrice":79.99},{"Id":357,"Name":"Stackable Ring Sterling Silver","UnitPrice":42.99},{"Id":358,"Name":"Stackable Ring Sterling Silver","UnitPrice":28.99},{"Id":359,"Name":"Sapphire Ring 1/10 ct tw Diamonds 10K White Gold","UnitPrice":699.99},{"Id":360,"Name":"Wedding Band 14K Yellow Gold","UnitPrice":480},{"Id":361,"Name":"Neil Lane Diamond Wedding Band 1/4 ct tw 14K White Gold","UnitPrice":719.99},{"Id":362,"Name":"Diamond Anniversary Band 1/4 cttw Round/Baguette 14K Gold","UnitPrice":599.2},{"Id":363,"Name":"Stackable Ring Lab-Created Pink Sapphire Sterling Silver","UnitPrice":149.99},{"Id":364,"Name":"Neil Lane Ruby Anniversary Band 1/6 ct tw Diamonds 14K Gold","UnitPrice":1079.99},{"Id":365,"Name":"Hallmark Diamonds Heart Necklace 1/2 ct tw Sterling Silver 18","UnitPrice":799.99},{"Id":366,"Name":"Hallmark Diamonds Heart Necklace 1/15 ct tw Sterling Silver","UnitPrice":179.99},{"Id":367,"Name":"Everything You Are Diamond Heart Necklace 1/2 ct tw 10K White Gold 18\u0022","UnitPrice":799.99},{"Id":368,"Name":"Diamond Heart Necklace 1/10 ct tw Round-cut Sterling Silver 18\u0022","UnitPrice":80},{"Id":369,"Name":"Diamond Heart Necklace 1/6 ct tw Black/White Sterling Silver","UnitPrice":159},{"Id":370,"Name":"Black Diamond Necklace 1/15 carat tw 10K Rose Gold","UnitPrice":229},{"Id":371,"Name":"Lab-Created Emerald \u0026 White Lab-Created Sapphire Heart Necklace Sterling Silver 18\u0022","UnitPrice":99.99},{"Id":372,"Name":"Heart Necklace 1/20 ct tw Diamonds 10K White Gold","UnitPrice":279},{"Id":373,"Name":"Heart Necklace 1/15 ct tw Diamonds Sterling Silver/10K Gold","UnitPrice":259},{"Id":374,"Name":"Lab-Created Opal \u0026 White Lab-Created Sapphire \u0027Mom\u0027 Heart Necklace Sterling Silver 18\u0022","UnitPrice":79.99},{"Id":375,"Name":"Diamond Heart Boxed Set 1/2 ct tw Sterling Silver","UnitPrice":399.99},{"Id":376,"Name":"Cultured Pearl \u0026 White Lab-Created Sapphire Heart Necklace Sterling Silver 18\u0022","UnitPrice":99.99},{"Id":377,"Name":"Diamond XO Necklace 1/10 ct tw Sterling Silver 18\u0022","UnitPrice":199.99},{"Id":378,"Name":"Angel Locket Necklace Black Diamond Accents Sterling Silver","UnitPrice":84.99},{"Id":379,"Name":"Heart Paw Print Necklace 14K Yellow Gold 16\u0022-18\u0022 Adjustable","UnitPrice":599.99},{"Id":380,"Name":"Lab-Created Ruby MOM Heart Necklace Sterling Silver 18\u0022","UnitPrice":149.99},{"Id":381,"Name":"Lab-Created Emerald \u0026 White Lab-Created Sapphire \u0027Mom\u0027 Heart Necklace Sterling Silver 18\u0022","UnitPrice":79.99},{"Id":382,"Name":"Lab-Created Emerald MOM Necklace Sterling Silver 18\u0022","UnitPrice":149.99},{"Id":383,"Name":"Blue \u0026 White Lab-Created Sapphire \u0027I Love You Mom\u0027 Necklace Sterling Silver 18\u0022","UnitPrice":99.99},{"Id":384,"Name":"Diamond Heart Necklace 3/4 carat tw 14K White Gold","UnitPrice":1999},{"Id":385,"Name":"Le Vian Chocolate Diamonds 1/8 ct tw Necklace 14K Honey Gold","UnitPrice":1049},{"Id":386,"Name":"Diamond Heart Necklace 1/5 ct tw Round-cut 10K Two-Tone Gold","UnitPrice":849},{"Id":387,"Name":"Diamond Heart Necklace 1/15 ct tw Round-cut 10K Rose Gold","UnitPrice":199.99},{"Id":388,"Name":"Garnet MOM Heart Necklace Sterling Silver 18\u0022","UnitPrice":179.99},{"Id":389,"Name":"Natural Ruby Necklace 1/5 ct tw Diamonds 10K Rose Gold 17\u0022","UnitPrice":899.99},{"Id":390,"Name":"Mom Heart Necklace 14K Yellow Gold 16 to 18 Adjustable","UnitPrice":549.99},{"Id":391,"Name":"Heart Station Necklace 14K Yellow Gold","UnitPrice":449.99},{"Id":392,"Name":"Godiva x Le Vian Ruby Heart Necklace 3/8 ct tw Diamonds 14K Strawberry Gold 19\u0022","UnitPrice":1999.99},{"Id":393,"Name":"Unstoppable Love Necklace Lab-Created Sapphire Sterling Silver","UnitPrice":149.99},{"Id":394,"Name":"Godiva x Le Vian Diamond Heart Necklace 3/8 ct tw 14K Honey Gold 19\u0022","UnitPrice":1599.99},{"Id":395,"Name":"Diamond Heart Necklace 1/4 ct tw Round-Cut 10K Yellow Gold 18\u0022","UnitPrice":499.99},{"Id":396,"Name":"Forever Connected Diamond Heart Necklace 1/4 ct tw Pear \u0026 Round-cut 10K White Gold 18\u0022","UnitPrice":699.99},{"Id":397,"Name":"Hallmark Diamonds Necklace 1/10 ct tw Sterling Silver/10K Gold","UnitPrice":249.99},{"Id":398,"Name":"Heart Necklace with Diamonds Sterling Silver/10K Rose Gold","UnitPrice":99.99},{"Id":399,"Name":"Disney Treasures The Nightmare Before Christmas Diamond Necklace 1/5 ct tw Sterling Silver 17\u0022","UnitPrice":299.99},{"Id":400,"Name":"Heart Necklace Diamond Accents 10K Rose Gold","UnitPrice":179},{"Id":401,"Name":"Lab-Created Ruby \u0026 White Lab-Created Sapphire Heart Necklace Sterling Silver 18\u0022","UnitPrice":179.99},{"Id":402,"Name":"Footprints Heart Locket Sterling Silver","UnitPrice":69.99},{"Id":403,"Name":"Amethyst Heart Necklace With Diamond Accent Sterling Silver","UnitPrice":149.99},{"Id":404,"Name":"Diamond Heart Necklace Sterling Silver","UnitPrice":149.99},{"Id":405,"Name":"Circle of Gratitude Diamond Heart Necklace 1/10 ct tw Round-cut 10K Rose Gold 19\u0022","UnitPrice":599.99},{"Id":406,"Name":"Blue/White Diamond Necklace 1/6 ct tw Sterling Silver","UnitPrice":259},{"Id":407,"Name":"Diamond Heart Necklace 1 ct tw 10K White Gold 18\u0022","UnitPrice":1499.99},{"Id":408,"Name":"Heart Necklace Diamond Accents Sterling Silver","UnitPrice":59.99},{"Id":409,"Name":"Hallmark Diamonds Mom Necklace 1/20 ct tw 10K Rose Gold Sterling Silver 18\u0022","UnitPrice":89.99},{"Id":410,"Name":"Unstoppable Love Heart Necklace Sterling Silver","UnitPrice":79.99},{"Id":411,"Name":"Diamond Heart Necklace 1/10 ct tw Round-Cut 10K Yellow Gold 18\u0022","UnitPrice":299.99},{"Id":412,"Name":"Heart Necklace Diamond Accents 10K Yellow Gold","UnitPrice":179},{"Id":413,"Name":"Hallmark Diamonds Heart Necklace Diamond Accents Sterling Silver","UnitPrice":129.99},{"Id":414,"Name":"Children\u0027s Disney Princess Crown Necklace 14K Yellow Gold 13\u0022","UnitPrice":199.99},{"Id":415,"Name":"Color Stone Family Moon and Stars Necklace","UnitPrice":125},{"Id":416,"Name":"Silver Color Stone Family Dog Tag Necklace","UnitPrice":137},{"Id":417,"Name":"Color Stone Couple\u0027s Necklace","UnitPrice":463},{"Id":418,"Name":"Nameplate Butterfly Necklace","UnitPrice":495},{"Id":419,"Name":"Nameplate Heart Necklace","UnitPrice":200},{"Id":420,"Name":"1/8 Ct. tw Diamond Nameplate Heart Necklace","UnitPrice":125},{"Id":421,"Name":"1/6 Ct. tw Diamond Initials Couple\u0027s Heart Necklace","UnitPrice":394},{"Id":422,"Name":"Color Stone Mrs. Necklace","UnitPrice":346},{"Id":423,"Name":"Color Stone Nameplate Mrs. Necklace","UnitPrice":348},{"Id":424,"Name":"Color Stone Nameplate Mrs. Necklace","UnitPrice":185},{"Id":425,"Name":"Forever Connected Diamond Necklace 1/3 ct tw Round/Princess 10K Yellow Gold 18\u0022","UnitPrice":799.99},{"Id":426,"Name":"Forever Connected Diamond Necklace 1/3 ct tw Pear/Round-Cut 10K Yellow Gold 18\u0022","UnitPrice":799.99},{"Id":427,"Name":"Encircled by Love Diamond Necklace 1/3 ct tw Round-cut 10K Yellow Gold 18\u0022","UnitPrice":999.99},{"Id":428,"Name":"Men\u0027s Cuban Curb Chain Necklace 6 ct tw Diamonds 10K Yellow Gold 22\u0022","UnitPrice":1699.99},{"Id":429,"Name":"Lab-Created Diamonds by KAY Cross Necklace 1/2 ct tw Round-Cut 14K Yellow Gold 18\u0022","UnitPrice":799.99},{"Id":430,"Name":"Hallmark Diamonds Cross Necklace 1/8 ct tw 10K Yellow Gold 18\u0022","UnitPrice":599.99},{"Id":431,"Name":"Disney Treasures Winnie the Pooh Diamond Necklace 1/6 ct tw 10K Two-Tone Gold 17\u0022","UnitPrice":419.99},{"Id":432,"Name":"Paperclip Necklace 10K Yellow Gold 18\u0022","UnitPrice":799.99},{"Id":433,"Name":"Cuban Chain Necklace 10K Yellow Gold 24\u0022","UnitPrice":1199.99},{"Id":434,"Name":"Rope Necklace 10K Yellow Gold 24\u0022 Length","UnitPrice":269},{"Id":435,"Name":"Miami Cuban Chain Necklace 10K Yellow Gold 22\u0022 Length","UnitPrice":4199.99},{"Id":436,"Name":"Men\u0027s Diamond Mariner Necklace 4 ct tw Round-cut 10K Yellow Gold 22\u0022","UnitPrice":6299.99},{"Id":437,"Name":"Diamond Cross Necklace 1/15 ct tw Round-cut 10K Yellow Gold","UnitPrice":299.99},{"Id":438,"Name":"Rope Necklace 10K Yellow Gold 20\u0022 Length","UnitPrice":259},{"Id":439,"Name":"Rope Chain Necklace 14K Yellow Gold 26\u0022 Length","UnitPrice":2649.99},{"Id":440,"Name":"Cross Necklace 1/10 ct tw Diamonds Sterling Silver/10K Gold","UnitPrice":219},{"Id":441,"Name":"16\u0022 Adjustable Rope Chain 14K Yellow Gold Appx. 1.2mm","UnitPrice":249.99},{"Id":442,"Name":"Children\u0027s Minnie Mouse Pink Cubic Zirconia Necklace 14K Yellow Gold 13\u0022","UnitPrice":199.99},{"Id":443,"Name":"Box Chain 14K Yellow Gold 20\u0022 Length","UnitPrice":1299.99},{"Id":444,"Name":"Deer Necklace 1/10 ct tw Diamonds Sterling Silver/10K Gold","UnitPrice":249},{"Id":445,"Name":"Hollow Figaro Chain 14K Yellow Gold 24\u0022","UnitPrice":419.99},{"Id":446,"Name":"Lab-Created Emerald Necklace with Diamonds 10K Yellow Gold","UnitPrice":399.99},{"Id":447,"Name":"Diamond Star Necklace 1/2 ct tw Round-cut 10K Yellow Gold 20","UnitPrice":779.99},{"Id":448,"Name":"Beaded Cable Chain Necklace 14K Yellow Gold 16\u0022 Length","UnitPrice":399.99},{"Id":449,"Name":"Disney Treasures Winnie the Pooh Diamond Necklace 1/20 ct tw Sterling Silver \u0026 10K Yellow Gold 17\u0022","UnitPrice":349.99},{"Id":450,"Name":"Paw Print Necklace 1/10 ct tw Diamonds Sterling Silver/10K Gold","UnitPrice":209},{"Id":451,"Name":"Triangle Necklace 14K Yellow Gold","UnitPrice":499.99},{"Id":452,"Name":"Starfish Necklace Diamond Accents 10K Yellow Gold","UnitPrice":249},{"Id":453,"Name":"Le Vian Diamond Heart Necklace 1/4 ct tw 14K Honey Gold 18\u0022","UnitPrice":1099.99},{"Id":454,"Name":"Curb Link Necklace 10K Two-Tone Gold 22\u0022 Length","UnitPrice":4299.99},{"Id":455,"Name":"Cultured Pearl Necklace 1/15 ct tw Diamonds 14K Yellow Gold 17\u0022","UnitPrice":599.99},{"Id":456,"Name":"Children\u0027s Cross Necklace 14K Yellow Gold 15\u0022","UnitPrice":149.99},{"Id":457,"Name":"Diamond Fashion Necklace 1/3 ct tw Round-cut 10K Yellow Gold 18\u0022","UnitPrice":549.99},{"Id":458,"Name":"Le Vian Diamond Butterfly Necklace 3/4 ct tw 14K Honey Gold 18\u0022","UnitPrice":2999.99},{"Id":459,"Name":"Lab-Created Emerald Necklace 1/6 ct tw Diamonds 10K Yellow Gold","UnitPrice":599.99},{"Id":460,"Name":"Pisces Zodiac Necklace 1/10 ct tw Diamonds 10K Yellow Gold","UnitPrice":329},{"Id":461,"Name":"Shipwheel \u0026 Compass Layered Necklace 14K Yellow Gold","UnitPrice":699.99},{"Id":462,"Name":"Lab-Created Opal Necklace 1/20 ct tw Diamonds 10K Yellow Gold","UnitPrice":499.99},{"Id":463,"Name":"Le Vian Cultured Pearl Necklace 1/4 ct tw Diamonds 14K Gold","UnitPrice":1499.99},{"Id":464,"Name":"Bar Necklace 14K Yellow Gold","UnitPrice":499.99},{"Id":465,"Name":"Citrine Necklace 1/15 ct tw Diamonds 10K Yellow Gold","UnitPrice":299.99},{"Id":466,"Name":"Key Necklace 14K Yellow Gold","UnitPrice":199.99},{"Id":467,"Name":"Heart Paw Print Necklace 14K Yellow Gold 16\u0022-18\u0022 Adjustable","UnitPrice":599.99},{"Id":468,"Name":"\u0022Love\u0022 Necklace 14K Yellow Gold 16\u0022 to 18\u0022 Adjustable","UnitPrice":399.99},{"Id":469,"Name":"Diamond Cross Necklace 10K Yellow Gold","UnitPrice":339},{"Id":470,"Name":"Diamond Necklace 3/4 ct tw 10K Yellow Gold/Stainless Steel","UnitPrice":599.6},{"Id":471,"Name":"Diamond Star Necklace 1/4 ct tw Round-cut 10K Yellow Gold","UnitPrice":419.99},{"Id":472,"Name":"Opal \u0026 Diamond Necklace 1/20 ct tw 10K Yellow Gold 18\u0022","UnitPrice":699.99},{"Id":473,"Name":"Le Vian Natural Emerald Necklace 1/5 ct tw Diamonds 14K Gold","UnitPrice":1299.99},{"Id":474,"Name":"Le Vian Emerald Necklace 3/8 ct tw Diamonds 14K Honey Gold","UnitPrice":1749.99},{"Id":475,"Name":"Diamond Cross Necklace 1/4 ct tw Round-cut 10K Yellow Gold","UnitPrice":619},{"Id":476,"Name":"Leo Zodiac Necklace 1/10 ct tw Diamonds 10K Yellow Gold","UnitPrice":329},{"Id":477,"Name":"Diamond Necklace 1/3 ct tw Round-cut 14K Yellow Gold","UnitPrice":699},{"Id":478,"Name":"Disney Treasures Mickey \u0026 Minnie Mouse Garnet \u0026 Diamond Necklace 1/8 ct tw Sterling Silver 17\u0022","UnitPrice":249.99},{"Id":479,"Name":"Cultured Pearl \u0026 White Lab-Created Sapphire Vine Necklace Sterling Silver 18\u0022","UnitPrice":249.99},{"Id":480,"Name":"Amethyst Heart Necklace Diamond Accents Sterling Silver","UnitPrice":129.99},{"Id":481,"Name":"Amethyst Heart Necklace Tanzanites \u0026 Diamonds 10K White Gold","UnitPrice":599.99},{"Id":482,"Name":"Dog Necklace Lab-Created Sapphire Sterling Silver/10K Rose Gold","UnitPrice":99.99},{"Id":483,"Name":"Godiva x Le Vian Ruby Heart Necklace 3/8 ct tw Diamonds 14K Strawberry Gold 19\u0022","UnitPrice":1999.99},{"Id":484,"Name":"Unstoppable Love Necklace Lab-Created Sapphire Sterling Silver","UnitPrice":149.99},{"Id":485,"Name":"Le Vian Quartz Boxed Set 14K Strawberry Gold-Electroplate","UnitPrice":199},{"Id":486,"Name":"Aquamarine \u0026 White Lab-Created Sapphire Necklace Sterling Silver 18\u0022","UnitPrice":69.99},{"Id":487,"Name":"Amethyst \u0026 White Lab-Created Sapphire \u0027Mom\u0027 Heart Necklace Sterling Silver 18\u0022","UnitPrice":79.99},{"Id":488,"Name":"Lab-Created Ruby \u0026 White Lab-Created Sapphire Heart Necklace Sterling Silver 18\u0022","UnitPrice":179.99},{"Id":489,"Name":"Amethyst \u0026 White Lab-Created Sapphire Boxed Set Sterling Silver","UnitPrice":179.99},{"Id":490,"Name":"Cultured Pearl \u0026 White Topaz Raindrop Necklace Sterling Silver 18\u0022","UnitPrice":129.99},{"Id":491,"Name":"Blue Topaz Necklace 1/10 ct tw Diamonds Sterling Silver","UnitPrice":299.99},{"Id":492,"Name":"Opal Necklace Diamond Accent 10K Rose Gold 18\u0022","UnitPrice":599.99},{"Id":493,"Name":"Lab-Created Opal and White Topaz Necklace Sterling Silver","UnitPrice":249.99},{"Id":494,"Name":"Lab-Created Emerald \u0026 White Lab-Created Sapphire Heart Necklace Sterling Silver 18\u0022","UnitPrice":99.99},{"Id":495,"Name":"Children\u0027s Minnie Mouse Pink Cubic Zirconia Necklace 14K Yellow Gold 13\u0022","UnitPrice":199.99},{"Id":496,"Name":"Heart Necklace Lab-Created Sapphire Sterling Silver/10K Gold","UnitPrice":129.99},{"Id":497,"Name":"Amethyst Necklace Sterling Silver","UnitPrice":179.99},{"Id":498,"Name":"Citrine \u0026 Diamond Necklace Sterling Silver","UnitPrice":179.99},{"Id":499,"Name":"Le Vian Morganite Necklace 1/10 ct tw Diamonds 14K Strawberry Gold","UnitPrice":1299.99},{"Id":500,"Name":"Amethyst \u0026 White Topaz Necklace Sterling Silver 18\u0022","UnitPrice":179.99},{"Id":501,"Name":"Amethyst Heart Necklace With Diamond Accent Sterling Silver","UnitPrice":149.99},{"Id":502,"Name":"Love Necklace Lab-Created Ruby Sterling Silver","UnitPrice":99.99},{"Id":503,"Name":"Lab-Created Opal \u0026 White Lab-Created Sapphire \u0027Mom\u0027 Heart Necklace Sterling Silver 18\u0022","UnitPrice":79.99},{"Id":504,"Name":"Lab-Created Opal Circle Necklace Sterling Silver","UnitPrice":179.99},{"Id":505,"Name":"Cultured Pearl Necklace Sapphires/Diamonds 10K White Gold","UnitPrice":399.99},{"Id":506,"Name":"Peacock Necklace Blue \u0026 White Topaz Sterling Silver","UnitPrice":129.99},{"Id":507,"Name":"Forever Connected Diamond Necklace 1/3 ct tw Round/Princess 10K Yellow Gold 18\u0022","UnitPrice":799.99},{"Id":508,"Name":"Forever Connected Diamond Necklace 1 ct tw Round/Pear 10K White Gold 18\u0022","UnitPrice":2499.99},{"Id":509,"Name":"Encircled by Love Diamond Necklace 1/3 ct tw Round-cut 10K Yellow Gold 18\u0022","UnitPrice":999.99},{"Id":510,"Name":"Disney Treasures Winnie the Pooh Diamond Necklace 1/6 ct tw 10K Two-Tone Gold 17\u0022","UnitPrice":419.99},{"Id":511,"Name":"Disney Treasures Winnie the Pooh \u0022Eeyore\u0022 Diamond Necklace 1/15 ct tw Sterling Silver \u0026 10K Rose Gold 17\u0022","UnitPrice":349.99},{"Id":512,"Name":"Diamond Solitaire Necklace 1/4 ct tw Round-cut 10K White Gold 18\u0022","UnitPrice":629},{"Id":513,"Name":"Angel Wing Necklace 1/10 ct tw Diamond Sterling Silver/10K Gold","UnitPrice":189},{"Id":514,"Name":"Turtle Necklace 1/10 ct tw Diamonds 10K White Gold","UnitPrice":299},{"Id":515,"Name":"Forever Connected Diamond Necklace 1/5 ct tw Round/Pear Sterling Silver 18\u0022","UnitPrice":399.99},{"Id":516,"Name":"Forever Connected Diamond Heart Necklace 1/4 ct tw Pear \u0026 Round-cut 10K White Gold 18\u0022","UnitPrice":699.99},{"Id":517,"Name":"Forever Connected Diamond Necklace 1/4 ct tw Round/Pear 10K White Gold 18\u0022","UnitPrice":699.99},{"Id":518,"Name":"Forever Connected Diamond Necklace 1/2 ct tw Round/Pear 10K White Gold 18\u0022","UnitPrice":1299.99},{"Id":519,"Name":"Forever Connected Diamond Necklace 1 ct tw Round/Pear 10K White Gold 18\u0022","UnitPrice":2499.99},{"Id":520,"Name":"Forever Connected Diamond Necklace 1/3 ct tw Round/Princess 10K Yellow Gold 18\u0022","UnitPrice":799.99},{"Id":521,"Name":"Forever Connected Diamond Necklace 1/4 ct tw Pear/Round-Cut 10K White Gold 18\u0022","UnitPrice":699.99},{"Id":522,"Name":"Forever Connected Diamond Necklace 1/3 ct tw Pear/Round-Cut 10K Yellow Gold 18\u0022","UnitPrice":799.99},{"Id":523,"Name":"Forever Connected Diamond Necklace 1/4 ct tw Round-Cut 10K White Gold 18\u0022","UnitPrice":699.99},{"Id":524,"Name":"Forever Connected Diamond Necklace 1 ct tw Round/Princess 10K White Gold 18\u0022","UnitPrice":2499.99},{"Id":525,"Name":"Forever Connected Diamond Necklace 1/2 ct tw Round/Princess 10K White Gold 18\u0022","UnitPrice":1299.99},{"Id":526,"Name":"Forever Connected Diamond Necklace 1 ct tw Round-Cut 14K White Gold 18\u0022","UnitPrice":2499.99},{"Id":527,"Name":"Forever Connected Diamond Necklace 1/4 ct tw Princess/Round-Cut 10K White Gold 18\u0022","UnitPrice":699.99},{"Id":528,"Name":"Forever Connected Diamond Necklace 1 ct tw Round/Pear 10K White Gold 18\u0022","UnitPrice":2499.99},{"Id":529,"Name":"Forever Connected Diamond Necklace 1/2 ct tw Round/Pear 10K White Gold 18\u0022","UnitPrice":1299.99},{"Id":530,"Name":"Forever Connected Diamond Necklace 1/2 ct tw Round-Cut 10K White Gold 18\u0022","UnitPrice":1199.99},{"Id":531,"Name":"Disney Treasures The Nightmare Before Christmas Diamond Necklace 1/5 ct tw Sterling Silver \u0026 10K Rose Gold 17\u0022","UnitPrice":0},{"Id":532,"Name":"Disney Treasures 101 Dalmatians Black \u0026 White Diamond Necklace 1/10 ct tw Sterling Silver \u0026 10K Rose Gold 17\u0022","UnitPrice":68.99},{"Id":533,"Name":"Disney Treasures The Lion King Diamond Necklace 1/10 ct tw Sterling Silver \u0026 10K Yellow Gold 17\u0022","UnitPrice":329.99},{"Id":534,"Name":"Disney Treasures Winnie the Pooh \u0022Tigger\u0022 Diamond Necklace 1/10 ct tw Sterling Silver \u0026 10K Yellow Gold 17\u0022","UnitPrice":449.99},{"Id":535,"Name":"Disney Treasures Mickey \u0026 Minnie Mouse Garnet \u0026 Diamond Necklace 1/8 ct tw Sterling Silver 17\u0022","UnitPrice":249.99},{"Id":536,"Name":"Disney Treasures Winnie the Pooh Mother of Pearl \u0026 Diamond Heart Necklace 1/8 ct tw Sterling Silver \u0026 10K Two-Tone Gold 17\u0022","UnitPrice":449.99},{"Id":537,"Name":"Disney Treasures The Aristocats Diamond Necklace 1/10 ct tw Sterling Silver \u0026 10K Rose Gold 17\u0022","UnitPrice":249.99},{"Id":538,"Name":"Star Wars Grogu Necklace 1/10 ct tw Diamonds Sterling Silver 18\u0022","UnitPrice":299.99},{"Id":539,"Name":"Disney Treasures Alice in Wonderland \u0022Cheshire Cat\u0022 Diamond \u0026 Amethyst Necklace 1/10 ct tw Sterling Silver/10K Rose Gold","UnitPrice":399.99},{"Id":540,"Name":"Disney Treasures The Aristocats Diamond Necklace 1/10 ct tw Sterling Silver \u0026 10K Rose Gold 18\u0022","UnitPrice":349.99},{"Id":541,"Name":"Disney Treasures Mickey Mouse Lab-Created Opal \u0026 Diamond Necklace Sterling Silver 17\u0022","UnitPrice":0},{"Id":542,"Name":"Disney Treasures Toy Story \u0022Jessie\u0022 Diamond Necklace 1/15 ct tw Sterling Silver \u0026 10K Rose Gold 17\u0022","UnitPrice":499.99},{"Id":543,"Name":"Unstoppable Love Necklace Lab-Created Sapphire Sterling Silver","UnitPrice":149.99},{"Id":544,"Name":"Unstoppable Love Necklace 1/10 ct tw Sterling Silver 19\u0022","UnitPrice":199.99},{"Id":545,"Name":"Unstoppable Love Necklace 1/2 ct tw 10K White Gold 19\u0022","UnitPrice":1199.99},{"Id":546,"Name":"Unstoppable Love Necklace 1/2 ct tw 10K White Gold 19\u0022","UnitPrice":1199.99},{"Id":547,"Name":"Unstoppable Love Heart Necklace Sterling Silver","UnitPrice":79.99},{"Id":548,"Name":"Unstoppable Love Necklace Lab-Created Sapphires Sterling Silver","UnitPrice":99.99},{"Id":549,"Name":"Unstoppable Love Necklace 1 ct tw 14K White Gold 19\u0022","UnitPrice":2499.99},{"Id":550,"Name":"Unstoppable Love 1/6 ct tw Necklace Sterling Silver Angel","UnitPrice":319},{"Id":551,"Name":"Unstoppable Love Necklace Amethyst Sterling Silver","UnitPrice":149.99},{"Id":552,"Name":"Previously Owned Necklace 3/4 ct tw Diamonds 14K White Gold","UnitPrice":659.7},{"Id":553,"Name":"Unstoppable Love 1/20 ct tw Necklace Sterling Silver Flamingo","UnitPrice":149},{"Id":554,"Name":"Unstoppable Love 1/20 ct tw Necklace Sterling Silver Dog","UnitPrice":0},{"Id":555,"Name":"Unstoppable Love Ruby Necklace 1/10 ct tw Diamonds Sterling Silver 19\u0022","UnitPrice":199.99},{"Id":556,"Name":"Forever Connected Diamond Hoop Earrings 3/8 ct tw Princess/Round 10K Yellow Gold","UnitPrice":999.99},{"Id":557,"Name":"Le Vian Diamond Hoop Earrings 1 ct tw Round-cut 14K Honey Gold","UnitPrice":2799.99},{"Id":558,"Name":"Open Tube Twist Hoop Earrings 10K Yellow Gold","UnitPrice":249.99},{"Id":559,"Name":"Twist Hoop Earrings 14K Yellow Gold","UnitPrice":329.99},{"Id":560,"Name":"Diamond Hoop Earrings 1/2 ct tw Round-cut 10K White Gold","UnitPrice":1199.99},{"Id":561,"Name":"Everything You Are Diamond Hoop Earrings 3/4 ct tw 10K White Gold","UnitPrice":1299.99},{"Id":562,"Name":"Twist Hoop Earrings 14K Yellow Gold 20mm","UnitPrice":249.99},{"Id":563,"Name":"Diamond Hoop Earrings 1/2 ct tw Round-cut 10K White Gold","UnitPrice":599.99},{"Id":564,"Name":"Italian Oval Glitter Hoop Earrings 14K Yellow Gold","UnitPrice":299.99},{"Id":565,"Name":"Diamond Hoop Earrings 1/10 ct tw Round-cut Sterling Silver","UnitPrice":199.99},{"Id":566,"Name":"Continuous Hoop Earrings 14K Yellow Gold 30mm","UnitPrice":199.99},{"Id":567,"Name":"Hoop Earrings Lab-Created Sapphires Sterling Silver","UnitPrice":129.99},{"Id":568,"Name":"Diamond Hoop Earrings 1 ct tw Round-Cut Sterling Silver","UnitPrice":199.99},{"Id":569,"Name":"Diamond Heart Hoop Earrings 1/4 ct tw Round-cut Sterling Silver","UnitPrice":249.99},{"Id":570,"Name":"Diamond Hoop Earrings Sterling Silver","UnitPrice":69.99},{"Id":571,"Name":"Children\u0027s Cubic Zirconia Huggie Earrings 14K Yellow Gold","UnitPrice":129.99},{"Id":572,"Name":"Child\u0027s Hoop Earrings 14K Yellow Gold","UnitPrice":39.99},{"Id":573,"Name":"Hoop Earrings 14K Yellow Gold","UnitPrice":149.99},{"Id":574,"Name":"Hoop Earrings 14K Yellow Gold 18mm","UnitPrice":79.99},{"Id":575,"Name":"Hoop Earrings 14K Yellow Gold 20mm","UnitPrice":199.99},{"Id":576,"Name":"Etched Hoop Earrings 14K Yellow Gold 35mm","UnitPrice":349.99},{"Id":577,"Name":"Woven Heart Hoop Earrings 14K Yellow Gold","UnitPrice":199.99},{"Id":578,"Name":"Men\u0027s Diamond Huggie Earrings 1/3 ct tw Round/Baguette 10K Yellow Gold","UnitPrice":699.99},{"Id":579,"Name":"Geometric Hoop Earrings 14K Yellow Gold","UnitPrice":349.99},{"Id":580,"Name":"Oval Diamond Cut Hoop Earrings 14K Yellow Gold","UnitPrice":249.99},{"Id":581,"Name":"Children\u0027s Butterfly Hoop Earrings 14K Yellow Gold","UnitPrice":79.99},{"Id":582,"Name":"Stamped Textured Fashion Hoop Earrings 14K Yellow Gold","UnitPrice":149.99},{"Id":583,"Name":"Hoop Earrings 14K Yellow Gold","UnitPrice":46.99},{"Id":584,"Name":"Children\u0027s Hoop Earrings 14K Yellow Gold","UnitPrice":34.99},{"Id":585,"Name":"Children\u0027s Small Hoop Earrings 14K Yellow Gold","UnitPrice":79.99},{"Id":586,"Name":"Hoop Earrings 14K Yellow Gold 30mm","UnitPrice":299.99},{"Id":587,"Name":"Stamped Textured Heart Hoop Earrings 14K Yellow Gold","UnitPrice":99.99},{"Id":588,"Name":"Children\u0027s Hoop Earrings 14K Two-Tone Gold","UnitPrice":54.99},{"Id":589,"Name":"Amethyst Dainty Hoop Earrings Sterling Silver","UnitPrice":99.99},{"Id":590,"Name":"Hoop Earrings 14K Yellow Gold 25mm","UnitPrice":499.99},{"Id":591,"Name":"Men\u0027s Diamond Angular Huggie Hoop Earrings 3/4 ct tw Round-cut 10K Yellow Gold","UnitPrice":1399.99},{"Id":592,"Name":"Men\u0027s Diamond Ankh Earrings 1/4 ct tw Round-cut 10K Yellow Gold","UnitPrice":599.99},{"Id":593,"Name":"Layered Three-Circle Drop Earrings 10K Yellow Gold","UnitPrice":299.99},{"Id":594,"Name":"Drop Earrings 14K Yellow Gold","UnitPrice":179.99},{"Id":595,"Name":"Opal \u0026 Diamond Earrings 1/20 ct tw 10K Yellow Gold","UnitPrice":599.99},{"Id":596,"Name":"Brazilian Garnet Earrings 1/10 ct tw Diamonds 10K Yellow Gold","UnitPrice":599.99},{"Id":597,"Name":"Lab-Created Ruby Earrings Lab-Created Sapphires Sterling Silver","UnitPrice":89.99},{"Id":598,"Name":"Lab-Created Opal Lab-Created Sapphires Sterling Silver Earrings","UnitPrice":129.99},{"Id":599,"Name":"Amethyst \u0026 White Lab-Created Sapphire Drop Earrings 10K Rose Gold","UnitPrice":499.99},{"Id":600,"Name":"Le Vian Couture Diamond Earrings 18K Two-Tone Gold","UnitPrice":34597.5},{"Id":601,"Name":"Flower Earrings 14K Yellow Gold","UnitPrice":303.99},{"Id":602,"Name":"Lab-Created Ruby Earrings Sterling Silver 10K Yellow Gold","UnitPrice":129.99},{"Id":603,"Name":"Le Vian Multi-Gemstone Earrings 1/10 ct tw Diamonds 14K Honey Gold","UnitPrice":1139.99},{"Id":604,"Name":"Encircled by Love Diamond Stud Earrings 1/5 ct tw Round-cut 10K Yellow Gold","UnitPrice":499.99},{"Id":605,"Name":"Encircled by Love Diamond Earrings 1/4 ct tw Round-cut 10K Rose Gold","UnitPrice":499.99},{"Id":606,"Name":"Disney Treasures The Aristocats Diamond Earrings 1/10 ct tw Sterling Silver \u0026 10K Rose Gold","UnitPrice":249.99},{"Id":607,"Name":"Diamond Solitaire Earrings 1/4 ct tw Sterling Silver","UnitPrice":379},{"Id":608,"Name":"Butterfly Earrings 14K Yellow Gold","UnitPrice":192.99},{"Id":609,"Name":"Children\u0027s Stud Earrings Boxed Set 14K Yellow Gold","UnitPrice":149.99},{"Id":610,"Name":"THE LEO Diamond Earrings 1/2 ct tw Round-cut 14K White Gold","UnitPrice":1499.99},{"Id":611,"Name":"Le Vian Opal Earrings 1/5 ct tw Diamonds 14K Strawberry Gold","UnitPrice":839.99},{"Id":612,"Name":"Le Vian Couture Diamond Earrings 18K Two-Tone Gold","UnitPrice":34597.5},{"Id":613,"Name":"Le Vian Garnet Earrings 1/5 ct tw Diamonds 14K Strawberry Gold","UnitPrice":839.99},{"Id":614,"Name":"Le Vian Denim Ombre Hoop Earrings 14K Vanilla Gold","UnitPrice":1609.99},{"Id":615,"Name":"Le Vian Emerald Earrings 1/4 ct tw Diamonds 14K Honey Gold","UnitPrice":1019.99},{"Id":616,"Name":"Le Vian Diamond Earrings 1-1/3 ct tw 14K Honey Gold","UnitPrice":2309.99},{"Id":617,"Name":"Le Vian Diamond Earrings 3/8 ct tw 14K Honey Gold","UnitPrice":1299.99},{"Id":618,"Name":"Le Vian Amethyst \u0026 Iolite Earrings 1/5 ct tw Diamonds 14K Strawbery Gold","UnitPrice":779.99},{"Id":619,"Name":"Le Vian Chocolate Diamonds 1/4 ct tw Earrings 14K Honey Gold","UnitPrice":1049},{"Id":620,"Name":"Laptop Lenovo IdeaPad Slim 3 15ALC6 R3 5300U/8GB/512GB/15.6\u0027\u0027FHD/Win 11","UnitPrice":1000},{"Id":621,"Name":"Laptop Dell Inspiron 15 N3511 i3 1115G4/4GB/256GB/15.6\u0022FHD/Win 11\u002BOffice HS 21","UnitPrice":1200},{"Id":622,"Name":"Laptop Dell Inspiron N3505 R3 3250U/8GB/256GB/15.6\u0022FHD/Win 10/NK","UnitPrice":900},{"Id":623,"Name":"Laptop Acer Aspire A315 57G 31YD i3 1005G1/4GB/256GB SSD/Nvidia MX330 2GB/Win10","UnitPrice":856},{"Id":624,"Name":"Laptop Acer Aspire 3 A315-58-35AG i3 1115G4/4GB/256GB SSD/15.6\u0027\u0027FHD/Win11","UnitPrice":750},{"Id":625,"Name":"Laptop Dell Inspiron N3502 Pentium N5030/4GB/128GB/15.6\u0022HD/Intel HD/Win 10/NK","UnitPrice":780},{"Id":626,"Name":"Laptop HP 14s-cf2527TU i3-10110U/4GB/256GB/14.0\u0022HD/Win 11","UnitPrice":650},{"Id":627,"Name":"Laptop Asus Vivobook X415EA-EB935W i3 1115G4/8GB/256GB SSD/Win11","UnitPrice":698},{"Id":628,"Name":"Laptop Asus VivoBook A415EA-EB1750W i3 1125G4/8GB/256GB SSD/Win11","UnitPrice":897},{"Id":629,"Name":"Laptop Acer Aspire 3 A315-58-35AG i3 1115G4/4GB/256GB SSD/15.6\u0027\u0027FHD/Win11","UnitPrice":756},{"Id":630,"Name":"Laptop Acer Aspire 3 A315-56-38B1 i3 1005G1/4GB/256GB/15.6\u0022FHD/Win11","UnitPrice":875},{"Id":631,"Name":"Laptop Lenovo IdeaPad Slim 3 15ALC6 R3 5300U/8GB/512GB/15.6\u0027\u0027FHD/Win 11","UnitPrice":968},{"Id":632,"Name":"Laptop Lenovo IdeaPad Slim 3 15ITL6 i3 1115G4/8GB/512GB/15.6\u0022FHD/Win 11","UnitPrice":987},{"Id":633,"Name":"Laptop HP 240 G8 Pentium N5030/4GB/256GB/14.0\u0022HD/Win 10","UnitPrice":987},{"Id":634,"Name":"iPhone 13 Pro Max 128GB","UnitPrice":1020},{"Id":635,"Name":"Xiaomi Redmi Note 11S 6GB - 128GB","UnitPrice":698},{"Id":636,"Name":"Samsung Galaxy S22 Ultra 5G 128GB","UnitPrice":536},{"Id":637,"Name":"iPhone 11 64GB","UnitPrice":365},{"Id":638,"Name":"OPPO Reno6 Z 5G","UnitPrice":254},{"Id":639,"Name":"TECNO SPARK 7 2GB-32GB","UnitPrice":354},{"Id":640,"Name":"Samsung Galaxy Z Fold3 5G 256GB","UnitPrice":368},{"Id":641,"Name":"Vans UltraRange EXO Lace Up Sneaker","UnitPrice":91},{"Id":642,"Name":"Women\u0027s Cole Haan GrandPro Tennis Sneaker","UnitPrice":130},{"Id":643,"Name":"Men\u0027s Brooks Addiction Walker 2 Walking Sneaker","UnitPrice":129},{"Id":644,"Name":"Women\u0027s Brooks Adrenaline GTS 21 Running Shoe","UnitPrice":129},{"Id":645,"Name":"MEN DRY-EX Crew Neck Short Sleeve T-Shirt (Cotton Like)","UnitPrice":58},{"Id":646,"Name":"Uniqlo U AIRism Cotton Crew Neck Oversized T-Shirt","UnitPrice":19},{"Id":647,"Name":"Diamond Promise Ring 1/5 carat tw 10K White Gold","UnitPrice":599},{"Id":648,"Name":"Diamond Promise Ring 1/10 ct tw Baguette \u0026 Round-cut 10K White Gold","UnitPrice":299.99},{"Id":649,"Name":"Diamond Oval Promise Ring 1/4 ct tw Round-cut Sterling Silver","UnitPrice":349.99},{"Id":650,"Name":"Hallmark Diamonds Ring 1/5 ct tw Sterling Silver \u0026 10K Rose Gold","UnitPrice":449.99},{"Id":651,"Name":"1/10 Carat t.w. Diamond Promise Ring","UnitPrice":116.32},{"Id":652,"Name":"1/20 Carat t.w. Black and white Diamond Promise Ring","UnitPrice":122},{"Id":653,"Name":"Le Vian Tanzanite Ring 3/8 ct tw Diamonds 14K Vanilla Gold","UnitPrice":1749.99},{"Id":654,"Name":"Le Vian Tanzanite Ring 1/2 ct tw Diamonds 14K Strawberry Gold","UnitPrice":1499.99},{"Id":655,"Name":"Le Vian Grape Amethyst Ring 1/8 ct tw Diamonds 14K Strawberry Gold","UnitPrice":1189.99},{"Id":656,"Name":"Emerald \u0026 1/10 ct tw Diamond Ring 10K White Gold","UnitPrice":999.99},{"Id":657,"Name":"Amethyst \u0026 White Topaz Ring 10K Rose Gold","UnitPrice":699.99},{"Id":658,"Name":"Lab-Created Emerald Ring Diamond Accents 10K Yellow Gold","UnitPrice":299.99},{"Id":659,"Name":"Amethyst \u0026 Diamond Twist Ring 1/10 ct tw 10K Rose Gold","UnitPrice":599.99},{"Id":660,"Name":"Lab-Created Emerald Ring with Diamonds 10K Yellow Gold","UnitPrice":279.99},{"Id":661,"Name":"Le Vian Morganite Ring 1 ct tw Diamonds 14K Strawberry Gold","UnitPrice":1749.99},{"Id":662,"Name":"Blue Topaz Ring 1/15 ct tw Diamonds 10K White Gold","UnitPrice":349.99},{"Id":663,"Name":"Diamond Eternity Ring 1 ct tw Round-cut 14K Yellow Gold","UnitPrice":1599.2},{"Id":664,"Name":"Diamond Heart Necklace 10K Rose Gold","UnitPrice":299.99},{"Id":665,"Name":"Lab-Created Ruby \u0026 Lab-Created White Sapphire Heart Necklace Sterling Silver 18\u0022","UnitPrice":129.99},{"Id":666,"Name":"Diamond Necklace 1/15 ct tw Sterling Silver/10K Rose Gold 18\u0022","UnitPrice":199.99},{"Id":667,"Name":"Whale Necklace 10K Yellow Gold","UnitPrice":229},{"Id":668,"Name":"Le Vian Blue Topaz Necklace 1/3 ct tw Diamonds 14K Gold","UnitPrice":899.99},{"Id":669,"Name":"Everything You Are Diamond Necklace 3/4 ct tw 10K White Gold 18\u0022","UnitPrice":1999.99},{"Id":670,"Name":"The Pirates: The Last Royal Treasure","UnitPrice":50},{"Id":671,"Name":"Howl\u2019s Moving Castle","UnitPrice":10},{"Id":672,"Name":"Spirited Away","UnitPrice":12},{"Id":673,"Name":"Escape From Mogadishu","UnitPrice":8},{"Id":674,"Name":"Don\u0027t Look Up","UnitPrice":15},{"Id":675,"Name":"Red Notice","UnitPrice":6},{"Id":676,"Name":"Miracle: Letters to the President","UnitPrice":5},{"Id":677,"Name":"The Bombardment","UnitPrice":2},{"Id":678,"Name":"The Weekend Away","UnitPrice":3},{"Id":679,"Name":"Surviving Paradise: A Family Tale","UnitPrice":4.5},{"Id":680,"Name":"\uB808\uB4DC\uC288\uC988","UnitPrice":4},{"Id":681,"Name":"Minions","UnitPrice":4},{"Id":682,"Name":"The Croods: A New Age","UnitPrice":4.2},{"Id":683,"Name":"Mission: Impossible - Fallout","UnitPrice":2},{"Id":684,"Name":"The Gangster, The Cop, The Devil","UnitPrice":1},{"Id":685,"Name":"The Notebook","UnitPrice":1},{"Id":686,"Name":"About Time","UnitPrice":2},{"Id":687,"Name":"Bird Box","UnitPrice":1},{"Id":688,"Name":"Snowpiercer","UnitPrice":2},{"Id":689,"Name":"Edge of Tomorrow","UnitPrice":1},{"Id":690,"Name":"Ponyo","UnitPrice":3},{"Id":691,"Name":"Escape Room","UnitPrice":4}]